file,line,type,commit,author,date,time,timezone,datetime,depth,length
style.css,1,css,931b89e0,julia-haynes,2025-10-08,21:58:42,-07:00,2025-10-08T21:58:42-07:00,0,4
style.css,2,css,931b89e0,julia-haynes,2025-10-08,21:58:42,-07:00,2025-10-08T21:58:42-07:00,1,43
style.css,3,css,931b89e0,julia-haynes,2025-10-08,21:58:42,-07:00,2025-10-08T21:58:42-07:00,0,42
style.css,4,css,931b89e0,julia-haynes,2025-10-08,21:58:42,-07:00,2025-10-08T21:58:42-07:00,0,0
style.css,5,css,931b89e0,julia-haynes,2025-10-08,21:58:42,-07:00,2025-10-08T21:58:42-07:00,1,23
style.css,6,css,931b89e0,julia-haynes,2025-10-08,21:58:42,-07:00,2025-10-08T21:58:42-07:00,0,0
style.css,7,css,b6396cfb,julia-haynes,2025-10-18,13:15:49,-07:00,2025-10-18T13:15:49-07:00,0,3
style.css,8,css,b6396cfb,julia-haynes,2025-10-18,13:15:49,-07:00,2025-10-18T13:15:49-07:00,1,39
style.css,9,css,b6396cfb,julia-haynes,2025-10-18,13:15:49,-07:00,2025-10-18T13:15:49-07:00,1,41
style.css,10,css,b6396cfb,julia-haynes,2025-10-18,13:15:49,-07:00,2025-10-18T13:15:49-07:00,0,0
style.css,11,css,931b89e0,julia-haynes,2025-10-08,21:58:42,-07:00,2025-10-08T21:58:42-07:00,0,39
style.css,12,css,b6396cfb,julia-haynes,2025-10-18,13:15:49,-07:00,2025-10-18T13:15:49-07:00,0,147
style.css,13,css,931b89e0,julia-haynes,2025-10-08,21:58:42,-07:00,2025-10-08T21:58:42-07:00,0,118
style.css,14,css,b6396cfb,julia-haynes,2025-10-18,13:15:49,-07:00,2025-10-18T13:15:49-07:00,0,63
style.css,15,css,931b89e0,julia-haynes,2025-10-08,21:58:42,-07:00,2025-10-08T21:58:42-07:00,0,59
style.css,16,css,931b89e0,julia-haynes,2025-10-08,21:58:42,-07:00,2025-10-08T21:58:42-07:00,2,25
style.css,17,css,eac5f150,julia-haynes,2025-10-08,23:14:19,-07:00,2025-10-08T23:14:19-07:00,0,28
style.css,18,css,eac5f150,julia-haynes,2025-10-08,23:14:19,-07:00,2025-10-08T23:14:19-07:00,0,0
style.css,19,css,fc905c49,julia-haynes,2025-10-09,15:30:50,-07:00,2025-10-09T15:30:50-07:00,0,149
style.css,20,css,fc905c49,julia-haynes,2025-10-09,15:30:50,-07:00,2025-10-09T15:30:50-07:00,0,81
style.css,21,css,fc905c49,julia-haynes,2025-10-09,15:30:50,-07:00,2025-10-09T15:30:50-07:00,0,23
style.css,22,css,b6396cfb,julia-haynes,2025-10-18,13:15:49,-07:00,2025-10-18T13:15:49-07:00,0,24
style.css,23,css,b6396cfb,julia-haynes,2025-10-18,13:15:49,-07:00,2025-10-18T13:15:49-07:00,0,0
style.css,24,css,b6396cfb,julia-haynes,2025-10-18,13:15:49,-07:00,2025-10-18T13:15:49-07:00,0,31
style.css,25,css,b6396cfb,julia-haynes,2025-10-18,13:15:49,-07:00,2025-10-18T13:15:49-07:00,2,36
style.css,26,css,b6396cfb,julia-haynes,2025-10-18,13:15:49,-07:00,2025-10-18T13:15:49-07:00,2,59
style.css,27,css,b6396cfb,julia-haynes,2025-10-18,13:15:49,-07:00,2025-10-18T13:15:49-07:00,0,0
style.css,28,css,b6396cfb,julia-haynes,2025-10-18,13:15:49,-07:00,2025-10-18T13:15:49-07:00,0,0
style.css,29,css,166676a9,julia-haynes,2025-10-24,14:58:50,-07:00,2025-10-24T14:58:50-07:00,0,43
style.css,30,css,166676a9,julia-haynes,2025-10-24,14:58:50,-07:00,2025-10-24T14:58:50-07:00,0,68
style.css,31,css,166676a9,julia-haynes,2025-10-24,14:58:50,-07:00,2025-10-24T14:58:50-07:00,0,123
style.css,32,css,166676a9,julia-haynes,2025-10-24,14:58:50,-07:00,2025-10-24T14:58:50-07:00,0,89
style.css,33,css,166676a9,julia-haynes,2025-10-24,14:58:50,-07:00,2025-10-24T14:58:50-07:00,0,78
style.css,34,css,166676a9,julia-haynes,2025-10-24,14:58:50,-07:00,2025-10-24T14:58:50-07:00,0,0
style.css,35,css,06c8172a,julia-haynes,2025-10-29,23:59:28,-07:00,2025-10-29T23:59:28-07:00,0,112
style.css,36,css,06c8172a,julia-haynes,2025-10-29,23:59:28,-07:00,2025-10-29T23:59:28-07:00,0,72
style.css,37,css,06c8172a,julia-haynes,2025-10-29,23:59:28,-07:00,2025-10-29T23:59:28-07:00,0,137
style.css,38,css,06c8172a,julia-haynes,2025-10-29,23:59:28,-07:00,2025-10-29T23:59:28-07:00,0,155
style.css,39,css,06c8172a,julia-haynes,2025-10-29,23:59:28,-07:00,2025-10-29T23:59:28-07:00,0,57
style.css,40,css,2fdf785c,julia-haynes,2025-10-30,18:35:55,-07:00,2025-10-30T18:35:55-07:00,0,0
style.css,41,css,2fdf785c,julia-haynes,2025-10-30,18:35:55,-07:00,2025-10-30T18:35:55-07:00,0,49
style.css,42,css,2475243b,julia-haynes,2025-10-30,20:31:04,-07:00,2025-10-30T20:31:04-07:00,0,40
style.css,43,css,2475243b,julia-haynes,2025-10-30,20:31:04,-07:00,2025-10-30T20:31:04-07:00,0,0
style.css,44,css,2475243b,julia-haynes,2025-10-30,20:31:04,-07:00,2025-10-30T20:31:04-07:00,0,46
style.css,45,css,2475243b,julia-haynes,2025-10-30,20:31:04,-07:00,2025-10-30T20:31:04-07:00,0,48
style.css,46,css,2475243b,julia-haynes,2025-10-30,20:31:04,-07:00,2025-10-30T20:31:04-07:00,0,0
style.css,47,css,2475243b,julia-haynes,2025-10-30,20:31:04,-07:00,2025-10-30T20:31:04-07:00,0,0
project2_report.html,1,html,738e0a13,julia-haynes,2025-10-27,23:21:51,-07:00,2025-10-27T23:21:51-07:00,0,45
project2_report.html,2,html,738e0a13,julia-haynes,2025-10-27,23:21:51,-07:00,2025-10-27T23:21:51-07:00,0,0
project2_report.html,3,html,738e0a13,julia-haynes,2025-10-27,23:21:51,-07:00,2025-10-27T23:21:51-07:00,0,0
project2_report.html,4,html,738e0a13,julia-haynes,2025-10-27,23:21:51,-07:00,2025-10-27T23:21:51-07:00,0,13
project2_report.html,5,html,738e0a13,julia-haynes,2025-10-27,23:21:51,-07:00,2025-10-27T23:21:51-07:00,0,14
project2_report.html,6,html,738e0a13,julia-haynes,2025-10-27,23:21:51,-07:00,2025-10-27T23:21:51-07:00,1,4
project2_report.html,7,html,738e0a13,julia-haynes,2025-10-27,23:21:51,-07:00,2025-10-27T23:21:51-07:00,2,40
project2_report.html,8,html,738e0a13,julia-haynes,2025-10-27,23:21:51,-07:00,2025-10-27T23:21:51-07:00,0,0
project2_report.html,9,html,738e0a13,julia-haynes,2025-10-27,23:21:51,-07:00,2025-10-27T23:21:51-07:00,2,5
project2_report.html,10,html,738e0a13,julia-haynes,2025-10-27,23:21:51,-07:00,2025-10-27T23:21:51-07:00,2,65
project2_report.html,11,html,738e0a13,julia-haynes,2025-10-27,23:21:51,-07:00,2025-10-27T23:21:51-07:00,2,52
project2_report.html,12,html,738e0a13,julia-haynes,2025-10-27,23:21:51,-07:00,2025-10-27T23:21:51-07:00,2,162
project2_report.html,13,html,738e0a13,julia-haynes,2025-10-27,23:21:51,-07:00,2025-10-27T23:21:51-07:00,2,89
project2_report.html,14,html,738e0a13,julia-haynes,2025-10-27,23:21:51,-07:00,2025-10-27T23:21:51-07:00,2,99
project2_report.html,15,html,738e0a13,julia-haynes,2025-10-27,23:21:51,-07:00,2025-10-27T23:21:51-07:00,2,6
project2_report.html,16,html,738e0a13,julia-haynes,2025-10-27,23:21:51,-07:00,2025-10-27T23:21:51-07:00,2,29
project2_report.html,17,html,738e0a13,julia-haynes,2025-10-27,23:21:51,-07:00,2025-10-27T23:21:51-07:00,2,5
project2_report.html,18,html,738e0a13,julia-haynes,2025-10-27,23:21:51,-07:00,2025-10-27T23:21:51-07:00,3,5
project2_report.html,19,html,738e0a13,julia-haynes,2025-10-27,23:21:51,-07:00,2025-10-27T23:21:51-07:00,4,35
project2_report.html,20,html,738e0a13,julia-haynes,2025-10-27,23:21:51,-07:00,2025-10-27T23:21:51-07:00,4,35
project2_report.html,21,html,738e0a13,julia-haynes,2025-10-27,23:21:51,-07:00,2025-10-27T23:21:51-07:00,4,35
project2_report.html,22,html,738e0a13,julia-haynes,2025-10-27,23:21:51,-07:00,2025-10-27T23:21:51-07:00,4,35
project2_report.html,23,html,738e0a13,julia-haynes,2025-10-27,23:21:51,-07:00,2025-10-27T23:21:51-07:00,4,35
project2_report.html,24,html,738e0a13,julia-haynes,2025-10-27,23:21:51,-07:00,2025-10-27T23:21:51-07:00,4,35
project2_report.html,25,html,738e0a13,julia-haynes,2025-10-27,23:21:51,-07:00,2025-10-27T23:21:51-07:00,4,35
project2_report.html,26,html,738e0a13,julia-haynes,2025-10-27,23:21:51,-07:00,2025-10-27T23:21:51-07:00,4,35
project2_report.html,27,html,738e0a13,julia-haynes,2025-10-27,23:21:51,-07:00,2025-10-27T23:21:51-07:00,4,35
project2_report.html,28,html,738e0a13,julia-haynes,2025-10-27,23:21:51,-07:00,2025-10-27T23:21:51-07:00,4,35
project2_report.html,29,html,738e0a13,julia-haynes,2025-10-27,23:21:51,-07:00,2025-10-27T23:21:51-07:00,3,0
project2_report.html,30,html,738e0a13,julia-haynes,2025-10-27,23:21:51,-07:00,2025-10-27T23:21:51-07:00,0,0
project2_report.html,31,html,738e0a13,julia-haynes,2025-10-27,23:21:51,-07:00,2025-10-27T23:21:51-07:00,3,4
project2_report.html,32,html,738e0a13,julia-haynes,2025-10-27,23:21:51,-07:00,2025-10-27T23:21:51-07:00,4,23
project2_report.html,33,html,738e0a13,julia-haynes,2025-10-27,23:21:51,-07:00,2025-10-27T23:21:51-07:00,4,20
project2_report.html,34,html,738e0a13,julia-haynes,2025-10-27,23:21:51,-07:00,2025-10-27T23:21:51-07:00,4,34
project2_report.html,35,html,738e0a13,julia-haynes,2025-10-27,23:21:51,-07:00,2025-10-27T23:21:51-07:00,4,25
project2_report.html,36,html,738e0a13,julia-haynes,2025-10-27,23:21:51,-07:00,2025-10-27T23:21:51-07:00,4,13
project2_report.html,37,html,738e0a13,julia-haynes,2025-10-27,23:21:51,-07:00,2025-10-27T23:21:51-07:00,3,0
project2_report.html,38,html,738e0a13,julia-haynes,2025-10-27,23:21:51,-07:00,2025-10-27T23:21:51-07:00,0,0
project2_report.html,39,html,738e0a13,julia-haynes,2025-10-27,23:21:51,-07:00,2025-10-27T23:21:51-07:00,3,12
project2_report.html,40,html,738e0a13,julia-haynes,2025-10-27,23:21:51,-07:00,2025-10-27T23:21:51-07:00,0,0
project2_report.html,41,html,738e0a13,julia-haynes,2025-10-27,23:21:51,-07:00,2025-10-27T23:21:51-07:00,3,1
project2_report.html,42,html,738e0a13,julia-haynes,2025-10-27,23:21:51,-07:00,2025-10-27T23:21:51-07:00,3,1
project2_report.html,43,html,738e0a13,julia-haynes,2025-10-27,23:21:51,-07:00,2025-10-27T23:21:51-07:00,3,1
project2_report.html,44,html,738e0a13,julia-haynes,2025-10-27,23:21:51,-07:00,2025-10-27T23:21:51-07:00,3,1
project2_report.html,45,html,738e0a13,julia-haynes,2025-10-27,23:21:51,-07:00,2025-10-27T23:21:51-07:00,3,1
project2_report.html,46,html,738e0a13,julia-haynes,2025-10-27,23:21:51,-07:00,2025-10-27T23:21:51-07:00,3,2
project2_report.html,47,html,738e0a13,julia-haynes,2025-10-27,23:21:51,-07:00,2025-10-27T23:21:51-07:00,4,15
project2_report.html,48,html,738e0a13,julia-haynes,2025-10-27,23:21:51,-07:00,2025-10-27T23:21:51-07:00,4,15
project2_report.html,49,html,738e0a13,julia-haynes,2025-10-27,23:21:51,-07:00,2025-10-27T23:21:51-07:00,4,17
project2_report.html,50,html,738e0a13,julia-haynes,2025-10-27,23:21:51,-07:00,2025-10-27T23:21:51-07:00,3,0
project2_report.html,51,html,738e0a13,julia-haynes,2025-10-27,23:21:51,-07:00,2025-10-27T23:21:51-07:00,0,0
project2_report.html,52,html,738e0a13,julia-haynes,2025-10-27,23:21:51,-07:00,2025-10-27T23:21:51-07:00,3,1
project2_report.html,53,html,738e0a13,julia-haynes,2025-10-27,23:21:51,-07:00,2025-10-27T23:21:51-07:00,3,2
project2_report.html,54,html,738e0a13,julia-haynes,2025-10-27,23:21:51,-07:00,2025-10-27T23:21:51-07:00,4,47
project2_report.html,55,html,738e0a13,julia-haynes,2025-10-27,23:21:51,-07:00,2025-10-27T23:21:51-07:00,4,20
project2_report.html,56,html,738e0a13,julia-haynes,2025-10-27,23:21:51,-07:00,2025-10-27T23:21:51-07:00,3,0
project2_report.html,57,html,738e0a13,julia-haynes,2025-10-27,23:21:51,-07:00,2025-10-27T23:21:51-07:00,0,0
project2_report.html,58,html,738e0a13,julia-haynes,2025-10-27,23:21:51,-07:00,2025-10-27T23:21:51-07:00,3,2
project2_report.html,59,html,738e0a13,julia-haynes,2025-10-27,23:21:51,-07:00,2025-10-27T23:21:51-07:00,4,23
project2_report.html,60,html,738e0a13,julia-haynes,2025-10-27,23:21:51,-07:00,2025-10-27T23:21:51-07:00,4,48
project2_report.html,61,html,738e0a13,julia-haynes,2025-10-27,23:21:51,-07:00,2025-10-27T23:21:51-07:00,4,15
project2_report.html,62,html,738e0a13,julia-haynes,2025-10-27,23:21:51,-07:00,2025-10-27T23:21:51-07:00,0,0
project2_report.html,63,html,738e0a13,julia-haynes,2025-10-27,23:21:51,-07:00,2025-10-27T23:21:51-07:00,4,5
project2_report.html,64,html,738e0a13,julia-haynes,2025-10-27,23:21:51,-07:00,2025-10-27T23:21:51-07:00,5,13
project2_report.html,65,html,738e0a13,julia-haynes,2025-10-27,23:21:51,-07:00,2025-10-27T23:21:51-07:00,5,17
project2_report.html,66,html,738e0a13,julia-haynes,2025-10-27,23:21:51,-07:00,2025-10-27T23:21:51-07:00,5,19
project2_report.html,67,html,738e0a13,julia-haynes,2025-10-27,23:21:51,-07:00,2025-10-27T23:21:51-07:00,5,18
project2_report.html,68,html,738e0a13,julia-haynes,2025-10-27,23:21:51,-07:00,2025-10-27T23:21:51-07:00,5,11
project2_report.html,69,html,738e0a13,julia-haynes,2025-10-27,23:21:51,-07:00,2025-10-27T23:21:51-07:00,5,34
project2_report.html,70,html,738e0a13,julia-haynes,2025-10-27,23:21:51,-07:00,2025-10-27T23:21:51-07:00,5,13
project2_report.html,71,html,738e0a13,julia-haynes,2025-10-27,23:21:51,-07:00,2025-10-27T23:21:51-07:00,5,24
project2_report.html,72,html,738e0a13,julia-haynes,2025-10-27,23:21:51,-07:00,2025-10-27T23:21:51-07:00,5,18
project2_report.html,73,html,738e0a13,julia-haynes,2025-10-27,23:21:51,-07:00,2025-10-27T23:21:51-07:00,4,0
project2_report.html,74,html,738e0a13,julia-haynes,2025-10-27,23:21:51,-07:00,2025-10-27T23:21:51-07:00,3,0
project2_report.html,75,html,738e0a13,julia-haynes,2025-10-27,23:21:51,-07:00,2025-10-27T23:21:51-07:00,0,0
project2_report.html,76,html,738e0a13,julia-haynes,2025-10-27,23:21:51,-07:00,2025-10-27T23:21:51-07:00,3,2
project2_report.html,77,html,738e0a13,julia-haynes,2025-10-27,23:21:51,-07:00,2025-10-27T23:21:51-07:00,4,14
project2_report.html,78,html,738e0a13,julia-haynes,2025-10-27,23:21:51,-07:00,2025-10-27T23:21:51-07:00,4,29
project2_report.html,79,html,738e0a13,julia-haynes,2025-10-27,23:21:51,-07:00,2025-10-27T23:21:51-07:00,3,0
project2_report.html,80,html,738e0a13,julia-haynes,2025-10-27,23:21:51,-07:00,2025-10-27T23:21:51-07:00,0,0
project2_report.html,81,html,738e0a13,julia-haynes,2025-10-27,23:21:51,-07:00,2025-10-27T23:21:51-07:00,3,2
project2_report.html,82,html,738e0a13,julia-haynes,2025-10-27,23:21:51,-07:00,2025-10-27T23:21:51-07:00,4,14
project2_report.html,83,html,738e0a13,julia-haynes,2025-10-27,23:21:51,-07:00,2025-10-27T23:21:51-07:00,3,0
project2_report.html,84,html,738e0a13,julia-haynes,2025-10-27,23:21:51,-07:00,2025-10-27T23:21:51-07:00,0,0
project2_report.html,85,html,738e0a13,julia-haynes,2025-10-27,23:21:51,-07:00,2025-10-27T23:21:51-07:00,3,9
project2_report.html,86,html,738e0a13,julia-haynes,2025-10-27,23:21:51,-07:00,2025-10-27T23:21:51-07:00,0,0
project2_report.html,87,html,738e0a13,julia-haynes,2025-10-27,23:21:51,-07:00,2025-10-27T23:21:51-07:00,3,1
project2_report.html,88,html,738e0a13,julia-haynes,2025-10-27,23:21:51,-07:00,2025-10-27T23:21:51-07:00,3,2
project2_report.html,89,html,738e0a13,julia-haynes,2025-10-27,23:21:51,-07:00,2025-10-27T23:21:51-07:00,4,24
project2_report.html,90,html,738e0a13,julia-haynes,2025-10-27,23:21:51,-07:00,2025-10-27T23:21:51-07:00,3,0
project2_report.html,91,html,738e0a13,julia-haynes,2025-10-27,23:21:51,-07:00,2025-10-27T23:21:51-07:00,0,0
project2_report.html,92,html,738e0a13,julia-haynes,2025-10-27,23:21:51,-07:00,2025-10-27T23:21:51-07:00,3,2
project2_report.html,93,html,738e0a13,julia-haynes,2025-10-27,23:21:51,-07:00,2025-10-27T23:21:51-07:00,4,9
project2_report.html,94,html,738e0a13,julia-haynes,2025-10-27,23:21:51,-07:00,2025-10-27T23:21:51-07:00,5,29
project2_report.html,95,html,738e0a13,julia-haynes,2025-10-27,23:21:51,-07:00,2025-10-27T23:21:51-07:00,4,0
project2_report.html,96,html,738e0a13,julia-haynes,2025-10-27,23:21:51,-07:00,2025-10-27T23:21:51-07:00,0,0
project2_report.html,97,html,738e0a13,julia-haynes,2025-10-27,23:21:51,-07:00,2025-10-27T23:21:51-07:00,4,4
project2_report.html,98,html,738e0a13,julia-haynes,2025-10-27,23:21:51,-07:00,2025-10-27T23:21:51-07:00,5,16
project2_report.html,99,html,738e0a13,julia-haynes,2025-10-27,23:21:51,-07:00,2025-10-27T23:21:51-07:00,4,0
project2_report.html,100,html,738e0a13,julia-haynes,2025-10-27,23:21:51,-07:00,2025-10-27T23:21:51-07:00,3,0
project2_report.html,101,html,738e0a13,julia-haynes,2025-10-27,23:21:51,-07:00,2025-10-27T23:21:51-07:00,0,0
project2_report.html,102,html,738e0a13,julia-haynes,2025-10-27,23:21:51,-07:00,2025-10-27T23:21:51-07:00,3,23
project2_report.html,103,html,738e0a13,julia-haynes,2025-10-27,23:21:51,-07:00,2025-10-27T23:21:51-07:00,0,0
project2_report.html,104,html,738e0a13,julia-haynes,2025-10-27,23:21:51,-07:00,2025-10-27T23:21:51-07:00,3,6
project2_report.html,105,html,738e0a13,julia-haynes,2025-10-27,23:21:51,-07:00,2025-10-27T23:21:51-07:00,4,17
project2_report.html,106,html,738e0a13,julia-haynes,2025-10-27,23:21:51,-07:00,2025-10-27T23:21:51-07:00,4,17
project2_report.html,107,html,738e0a13,julia-haynes,2025-10-27,23:21:51,-07:00,2025-10-27T23:21:51-07:00,3,0
project2_report.html,108,html,738e0a13,julia-haynes,2025-10-27,23:21:51,-07:00,2025-10-27T23:21:51-07:00,0,0
project2_report.html,109,html,738e0a13,julia-haynes,2025-10-27,23:21:51,-07:00,2025-10-27T23:21:51-07:00,3,4
project2_report.html,110,html,738e0a13,julia-haynes,2025-10-27,23:21:51,-07:00,2025-10-27T23:21:51-07:00,4,16
project2_report.html,111,html,738e0a13,julia-haynes,2025-10-27,23:21:51,-07:00,2025-10-27T23:21:51-07:00,4,29
project2_report.html,112,html,738e0a13,julia-haynes,2025-10-27,23:21:51,-07:00,2025-10-27T23:21:51-07:00,4,18
project2_report.html,113,html,738e0a13,julia-haynes,2025-10-27,23:21:51,-07:00,2025-10-27T23:21:51-07:00,4,19
project2_report.html,114,html,738e0a13,julia-haynes,2025-10-27,23:21:51,-07:00,2025-10-27T23:21:51-07:00,3,0
project2_report.html,115,html,738e0a13,julia-haynes,2025-10-27,23:21:51,-07:00,2025-10-27T23:21:51-07:00,0,0
project2_report.html,116,html,738e0a13,julia-haynes,2025-10-27,23:21:51,-07:00,2025-10-27T23:21:51-07:00,3,11
project2_report.html,117,html,738e0a13,julia-haynes,2025-10-27,23:21:51,-07:00,2025-10-27T23:21:51-07:00,0,0
project2_report.html,118,html,738e0a13,julia-haynes,2025-10-27,23:21:51,-07:00,2025-10-27T23:21:51-07:00,3,6
project2_report.html,119,html,738e0a13,julia-haynes,2025-10-27,23:21:51,-07:00,2025-10-27T23:21:51-07:00,4,12
project2_report.html,120,html,738e0a13,julia-haynes,2025-10-27,23:21:51,-07:00,2025-10-27T23:21:51-07:00,4,14
project2_report.html,121,html,738e0a13,julia-haynes,2025-10-27,23:21:51,-07:00,2025-10-27T23:21:51-07:00,4,20
project2_report.html,122,html,738e0a13,julia-haynes,2025-10-27,23:21:51,-07:00,2025-10-27T23:21:51-07:00,4,40
project2_report.html,123,html,738e0a13,julia-haynes,2025-10-27,23:21:51,-07:00,2025-10-27T23:21:51-07:00,4,48
project2_report.html,124,html,738e0a13,julia-haynes,2025-10-27,23:21:51,-07:00,2025-10-27T23:21:51-07:00,4,17
project2_report.html,125,html,738e0a13,julia-haynes,2025-10-27,23:21:51,-07:00,2025-10-27T23:21:51-07:00,4,16
project2_report.html,126,html,738e0a13,julia-haynes,2025-10-27,23:21:51,-07:00,2025-10-27T23:21:51-07:00,0,0
project2_report.html,127,html,738e0a13,julia-haynes,2025-10-27,23:21:51,-07:00,2025-10-27T23:21:51-07:00,4,12
project2_report.html,128,html,738e0a13,julia-haynes,2025-10-27,23:21:51,-07:00,2025-10-27T23:21:51-07:00,5,29
project2_report.html,129,html,738e0a13,julia-haynes,2025-10-27,23:21:51,-07:00,2025-10-27T23:21:51-07:00,5,34
project2_report.html,130,html,738e0a13,julia-haynes,2025-10-27,23:21:51,-07:00,2025-10-27T23:21:51-07:00,5,14
project2_report.html,131,html,738e0a13,julia-haynes,2025-10-27,23:21:51,-07:00,2025-10-27T23:21:51-07:00,5,14
project2_report.html,132,html,738e0a13,julia-haynes,2025-10-27,23:21:51,-07:00,2025-10-27T23:21:51-07:00,5,17
project2_report.html,133,html,738e0a13,julia-haynes,2025-10-27,23:21:51,-07:00,2025-10-27T23:21:51-07:00,5,24
project2_report.html,134,html,738e0a13,julia-haynes,2025-10-27,23:21:51,-07:00,2025-10-27T23:21:51-07:00,5,15
project2_report.html,135,html,738e0a13,julia-haynes,2025-10-27,23:21:51,-07:00,2025-10-27T23:21:51-07:00,0,0
project2_report.html,136,html,738e0a13,julia-haynes,2025-10-27,23:21:51,-07:00,2025-10-27T23:21:51-07:00,5,9
project2_report.html,137,html,738e0a13,julia-haynes,2025-10-27,23:21:51,-07:00,2025-10-27T23:21:51-07:00,6,38
project2_report.html,138,html,738e0a13,julia-haynes,2025-10-27,23:21:51,-07:00,2025-10-27T23:21:51-07:00,6,16
project2_report.html,139,html,738e0a13,julia-haynes,2025-10-27,23:21:51,-07:00,2025-10-27T23:21:51-07:00,6,29
project2_report.html,140,html,738e0a13,julia-haynes,2025-10-27,23:21:51,-07:00,2025-10-27T23:21:51-07:00,5,0
project2_report.html,141,html,738e0a13,julia-haynes,2025-10-27,23:21:51,-07:00,2025-10-27T23:21:51-07:00,0,0
project2_report.html,142,html,738e0a13,julia-haynes,2025-10-27,23:21:51,-07:00,2025-10-27T23:21:51-07:00,5,30
project2_report.html,143,html,738e0a13,julia-haynes,2025-10-27,23:21:51,-07:00,2025-10-27T23:21:51-07:00,6,13
project2_report.html,144,html,738e0a13,julia-haynes,2025-10-27,23:21:51,-07:00,2025-10-27T23:21:51-07:00,6,25
project2_report.html,145,html,738e0a13,julia-haynes,2025-10-27,23:21:51,-07:00,2025-10-27T23:21:51-07:00,6,31
project2_report.html,146,html,738e0a13,julia-haynes,2025-10-27,23:21:51,-07:00,2025-10-27T23:21:51-07:00,7,5
project2_report.html,147,html,738e0a13,julia-haynes,2025-10-27,23:21:51,-07:00,2025-10-27T23:21:51-07:00,7,11
project2_report.html,148,html,738e0a13,julia-haynes,2025-10-27,23:21:51,-07:00,2025-10-27T23:21:51-07:00,7,13
project2_report.html,149,html,738e0a13,julia-haynes,2025-10-27,23:21:51,-07:00,2025-10-27T23:21:51-07:00,6,0
project2_report.html,150,html,738e0a13,julia-haynes,2025-10-27,23:21:51,-07:00,2025-10-27T23:21:51-07:00,5,0
project2_report.html,151,html,738e0a13,julia-haynes,2025-10-27,23:21:51,-07:00,2025-10-27T23:21:51-07:00,4,0
project2_report.html,152,html,738e0a13,julia-haynes,2025-10-27,23:21:51,-07:00,2025-10-27T23:21:51-07:00,3,0
project2_report.html,153,html,738e0a13,julia-haynes,2025-10-27,23:21:51,-07:00,2025-10-27T23:21:51-07:00,2,6
project2_report.html,154,html,738e0a13,julia-haynes,2025-10-27,23:21:51,-07:00,2025-10-27T23:21:51-07:00,1,592
project2_report.html,155,html,738e0a13,julia-haynes,2025-10-27,23:21:51,-07:00,2025-10-27T23:21:51-07:00,0,0
project2_report.html,156,html,738e0a13,julia-haynes,2025-10-27,23:21:51,-07:00,2025-10-27T23:21:51-07:00,1,4
project2_report.html,157,html,738e0a13,julia-haynes,2025-10-27,23:21:51,-07:00,2025-10-27T23:21:51-07:00,2,6
project2_report.html,158,html,738e0a13,julia-haynes,2025-10-27,23:21:51,-07:00,2025-10-27T23:21:51-07:00,3,2
project2_report.html,159,html,738e0a13,julia-haynes,2025-10-27,23:21:51,-07:00,2025-10-27T23:21:51-07:00,4,25
project2_report.html,160,html,738e0a13,julia-haynes,2025-10-27,23:21:51,-07:00,2025-10-27T23:21:51-07:00,4,36
project2_report.html,161,html,738e0a13,julia-haynes,2025-10-27,23:21:51,-07:00,2025-10-27T23:21:51-07:00,3,3
project2_report.html,162,html,738e0a13,julia-haynes,2025-10-27,23:21:51,-07:00,2025-10-27T23:21:51-07:00,0,0
project2_report.html,163,html,738e0a13,julia-haynes,2025-10-27,23:21:51,-07:00,2025-10-27T23:21:51-07:00,3,63
project2_report.html,164,html,738e0a13,julia-haynes,2025-10-27,23:21:51,-07:00,2025-10-27T23:21:51-07:00,2,7
project2_report.html,165,html,738e0a13,julia-haynes,2025-10-27,23:21:51,-07:00,2025-10-27T23:21:51-07:00,0,0
project2_report.html,166,html,738e0a13,julia-haynes,2025-10-27,23:21:51,-07:00,2025-10-27T23:21:51-07:00,2,4
project2_report.html,167,html,02486ddc,julia-haynes,2025-10-27,23:58:31,-07:00,2025-10-27T23:58:31-07:00,3,78
project2_report.html,168,html,738e0a13,julia-haynes,2025-10-27,23:21:51,-07:00,2025-10-27T23:21:51-07:00,0,0
project2_report.html,169,html,738e0a13,julia-haynes,2025-10-27,23:21:51,-07:00,2025-10-27T23:21:51-07:00,3,7
project2_report.html,170,html,738e0a13,julia-haynes,2025-10-27,23:21:51,-07:00,2025-10-27T23:21:51-07:00,4,26
project2_report.html,171,html,738e0a13,julia-haynes,2025-10-27,23:21:51,-07:00,2025-10-27T23:21:51-07:00,0,0
project2_report.html,172,html,738e0a13,julia-haynes,2025-10-27,23:21:51,-07:00,2025-10-27T23:21:51-07:00,4,6
project2_report.html,173,html,738e0a13,julia-haynes,2025-10-27,23:21:51,-07:00,2025-10-27T23:21:51-07:00,5,66
project2_report.html,174,html,738e0a13,julia-haynes,2025-10-27,23:21:51,-07:00,2025-10-27T23:21:51-07:00,5,392
project2_report.html,175,html,738e0a13,julia-haynes,2025-10-27,23:21:51,-07:00,2025-10-27T23:21:51-07:00,4,7
project2_report.html,176,html,738e0a13,julia-haynes,2025-10-27,23:21:51,-07:00,2025-10-27T23:21:51-07:00,0,0
project2_report.html,177,html,738e0a13,julia-haynes,2025-10-27,23:21:51,-07:00,2025-10-27T23:21:51-07:00,4,36
project2_report.html,178,html,738e0a13,julia-haynes,2025-10-27,23:21:51,-07:00,2025-10-27T23:21:51-07:00,0,0
project2_report.html,179,html,738e0a13,julia-haynes,2025-10-27,23:21:51,-07:00,2025-10-27T23:21:51-07:00,4,2
project2_report.html,180,html,e43e2f3b,julia-haynes,2025-10-27,23:50:55,-07:00,2025-10-27T23:50:55-07:00,5,880
project2_report.html,181,html,738e0a13,julia-haynes,2025-10-27,23:21:51,-07:00,2025-10-27T23:21:51-07:00,5,883
project2_report.html,182,html,738e0a13,julia-haynes,2025-10-27,23:21:51,-07:00,2025-10-27T23:21:51-07:00,5,574
project2_report.html,183,html,e43e2f3b,julia-haynes,2025-10-27,23:50:55,-07:00,2025-10-27T23:50:55-07:00,5,438
project2_report.html,184,html,738e0a13,julia-haynes,2025-10-27,23:21:51,-07:00,2025-10-27T23:21:51-07:00,5,623
project2_report.html,185,html,738e0a13,julia-haynes,2025-10-27,23:21:51,-07:00,2025-10-27T23:21:51-07:00,4,3
project2_report.html,186,html,738e0a13,julia-haynes,2025-10-27,23:21:51,-07:00,2025-10-27T23:21:51-07:00,3,8
project2_report.html,187,html,738e0a13,julia-haynes,2025-10-27,23:21:51,-07:00,2025-10-27T23:21:51-07:00,0,0
project2_report.html,188,html,738e0a13,julia-haynes,2025-10-27,23:21:51,-07:00,2025-10-27T23:21:51-07:00,3,7
project2_report.html,189,html,738e0a13,julia-haynes,2025-10-27,23:21:51,-07:00,2025-10-27T23:21:51-07:00,4,30
project2_report.html,190,html,738e0a13,julia-haynes,2025-10-27,23:21:51,-07:00,2025-10-27T23:21:51-07:00,0,0
project2_report.html,191,html,738e0a13,julia-haynes,2025-10-27,23:21:51,-07:00,2025-10-27T23:21:51-07:00,4,6
project2_report.html,192,html,738e0a13,julia-haynes,2025-10-27,23:21:51,-07:00,2025-10-27T23:21:51-07:00,5,74
project2_report.html,193,html,738e0a13,julia-haynes,2025-10-27,23:21:51,-07:00,2025-10-27T23:21:51-07:00,5,402
project2_report.html,194,html,738e0a13,julia-haynes,2025-10-27,23:21:51,-07:00,2025-10-27T23:21:51-07:00,4,7
project2_report.html,195,html,738e0a13,julia-haynes,2025-10-27,23:21:51,-07:00,2025-10-27T23:21:51-07:00,0,0
project2_report.html,196,html,738e0a13,julia-haynes,2025-10-27,23:21:51,-07:00,2025-10-27T23:21:51-07:00,4,36
project2_report.html,197,html,738e0a13,julia-haynes,2025-10-27,23:21:51,-07:00,2025-10-27T23:21:51-07:00,0,0
project2_report.html,198,html,738e0a13,julia-haynes,2025-10-27,23:21:51,-07:00,2025-10-27T23:21:51-07:00,4,2
project2_report.html,199,html,e43e2f3b,julia-haynes,2025-10-27,23:50:55,-07:00,2025-10-27T23:50:55-07:00,5,1005
project2_report.html,200,html,e43e2f3b,julia-haynes,2025-10-27,23:50:55,-07:00,2025-10-27T23:50:55-07:00,5,521
project2_report.html,201,html,738e0a13,julia-haynes,2025-10-27,23:21:51,-07:00,2025-10-27T23:21:51-07:00,5,355
project2_report.html,202,html,738e0a13,julia-haynes,2025-10-27,23:21:51,-07:00,2025-10-27T23:21:51-07:00,5,631
project2_report.html,203,html,738e0a13,julia-haynes,2025-10-27,23:21:51,-07:00,2025-10-27T23:21:51-07:00,5,693
project2_report.html,204,html,738e0a13,julia-haynes,2025-10-27,23:21:51,-07:00,2025-10-27T23:21:51-07:00,4,3
project2_report.html,205,html,738e0a13,julia-haynes,2025-10-27,23:21:51,-07:00,2025-10-27T23:21:51-07:00,3,8
project2_report.html,206,html,738e0a13,julia-haynes,2025-10-27,23:21:51,-07:00,2025-10-27T23:21:51-07:00,0,0
project2_report.html,207,html,738e0a13,julia-haynes,2025-10-27,23:21:51,-07:00,2025-10-27T23:21:51-07:00,3,7
project2_report.html,208,html,738e0a13,julia-haynes,2025-10-27,23:21:51,-07:00,2025-10-27T23:21:51-07:00,4,23
project2_report.html,209,html,738e0a13,julia-haynes,2025-10-27,23:21:51,-07:00,2025-10-27T23:21:51-07:00,0,0
project2_report.html,210,html,e43e2f3b,julia-haynes,2025-10-27,23:50:55,-07:00,2025-10-27T23:50:55-07:00,4,849
project2_report.html,211,html,e43e2f3b,julia-haynes,2025-10-27,23:50:55,-07:00,2025-10-27T23:50:55-07:00,0,1167
project2_report.html,212,html,e43e2f3b,julia-haynes,2025-10-27,23:50:55,-07:00,2025-10-27T23:50:55-07:00,0,1076
project2_report.html,213,html,738e0a13,julia-haynes,2025-10-27,23:21:51,-07:00,2025-10-27T23:21:51-07:00,0,2
project2_report.html,214,html,738e0a13,julia-haynes,2025-10-27,23:21:51,-07:00,2025-10-27T23:21:51-07:00,3,8
project2_report.html,215,html,738e0a13,julia-haynes,2025-10-27,23:21:51,-07:00,2025-10-27T23:21:51-07:00,2,5
project2_report.html,216,html,738e0a13,julia-haynes,2025-10-27,23:21:51,-07:00,2025-10-27T23:21:51-07:00,1,5
project2_report.html,217,html,738e0a13,julia-haynes,2025-10-27,23:21:51,-07:00,2025-10-27T23:21:51-07:00,0,5
index.js,1,js,166676a9,julia-haynes,2025-10-24,14:58:50,-07:00,2025-10-24T14:58:50-07:00,0,71
index.js,2,js,3a919b79,julia-haynes,2025-10-22,16:41:40,-07:00,2025-10-22T16:41:40-07:00,0,54
index.js,3,js,3a919b79,julia-haynes,2025-10-22,16:41:40,-07:00,2025-10-22T16:41:40-07:00,0,42
index.js,4,js,3a919b79,julia-haynes,2025-10-22,16:41:40,-07:00,2025-10-22T16:41:40-07:00,0,60
index.js,5,js,3a919b79,julia-haynes,2025-10-22,16:41:40,-07:00,2025-10-22T16:41:40-07:00,0,54
index.js,6,js,166676a9,julia-haynes,2025-10-24,14:58:50,-07:00,2025-10-24T14:58:50-07:00,0,0
index.js,7,js,166676a9,julia-haynes,2025-10-24,14:58:50,-07:00,2025-10-24T14:58:50-07:00,0,55
index.js,8,js,166676a9,julia-haynes,2025-10-24,14:58:50,-07:00,2025-10-24T14:58:50-07:00,0,0
index.js,9,js,166676a9,julia-haynes,2025-10-24,14:58:50,-07:00,2025-10-24T14:58:50-07:00,0,60
index.js,10,js,166676a9,julia-haynes,2025-10-24,14:58:50,-07:00,2025-10-24T14:58:50-07:00,0,0
index.js,11,js,166676a9,julia-haynes,2025-10-24,14:58:50,-07:00,2025-10-24T14:58:50-07:00,0,17
index.js,12,js,166676a9,julia-haynes,2025-10-24,14:58:50,-07:00,2025-10-24T14:58:50-07:00,1,24
index.js,13,js,166676a9,julia-haynes,2025-10-24,14:58:50,-07:00,2025-10-24T14:58:50-07:00,4,2
index.js,14,js,166676a9,julia-haynes,2025-10-24,14:58:50,-07:00,2025-10-24T14:58:50-07:00,5,55
index.js,15,js,166676a9,julia-haynes,2025-10-24,14:58:50,-07:00,2025-10-24T14:58:50-07:00,5,55
index.js,16,js,166676a9,julia-haynes,2025-10-24,14:58:50,-07:00,2025-10-24T14:58:50-07:00,5,49
index.js,17,js,166676a9,julia-haynes,2025-10-24,14:58:50,-07:00,2025-10-24T14:58:50-07:00,5,49
index.js,18,js,166676a9,julia-haynes,2025-10-24,14:58:50,-07:00,2025-10-24T14:58:50-07:00,4,3
index.js,19,js,166676a9,julia-haynes,2025-10-24,14:58:50,-07:00,2025-10-24T14:58:50-07:00,2,0
index.js,20,js,166676a9,julia-haynes,2025-10-24,14:58:50,-07:00,2025-10-24T14:58:50-07:00,0,0
index.html,1,html,2b822ab5,julia-haynes,2025-10-02,17:26:06,-07:00,2025-10-02T17:26:06-07:00,0,13
index.html,2,html,2b822ab5,julia-haynes,2025-10-02,17:26:06,-07:00,2025-10-02T17:26:06-07:00,0,14
index.html,3,html,2b822ab5,julia-haynes,2025-10-02,17:26:06,-07:00,2025-10-02T17:26:06-07:00,0,4
index.html,4,html,2b822ab5,julia-haynes,2025-10-02,17:26:06,-07:00,2025-10-02T17:26:06-07:00,2,20
index.html,5,html,2b822ab5,julia-haynes,2025-10-02,17:26:06,-07:00,2025-10-02T17:26:06-07:00,2,68
index.html,6,html,2b822ab5,julia-haynes,2025-10-02,17:26:06,-07:00,2025-10-02T17:26:06-07:00,2,54
index.html,7,html,58a04970,julia-haynes,2025-10-03,16:06:40,-07:00,2025-10-03T16:06:40-07:00,2,40
index.html,8,html,2b298ccc,julia-haynes,2025-10-03,22:51:18,-07:00,2025-10-03T22:51:18-07:00,0,0
index.html,9,html,2b298ccc,julia-haynes,2025-10-03,22:51:18,-07:00,2025-10-03T22:51:18-07:00,2,5
index.html,10,html,931b89e0,julia-haynes,2025-10-08,21:58:42,-07:00,2025-10-08T21:58:42-07:00,2,65
index.html,11,html,2b298ccc,julia-haynes,2025-10-03,22:51:18,-07:00,2025-10-03T22:51:18-07:00,2,52
index.html,12,html,931b89e0,julia-haynes,2025-10-08,21:58:42,-07:00,2025-10-08T21:58:42-07:00,2,162
index.html,13,html,931b89e0,julia-haynes,2025-10-08,21:58:42,-07:00,2025-10-08T21:58:42-07:00,2,89
index.html,14,html,931b89e0,julia-haynes,2025-10-08,21:58:42,-07:00,2025-10-08T21:58:42-07:00,2,99
index.html,15,html,2b298ccc,julia-haynes,2025-10-03,22:51:18,-07:00,2025-10-03T22:51:18-07:00,2,6
index.html,16,html,166676a9,julia-haynes,2025-10-24,14:58:50,-07:00,2025-10-24T14:58:50-07:00,2,0
index.html,17,html,2b822ab5,julia-haynes,2025-10-02,17:26:06,-07:00,2025-10-02T17:26:06-07:00,0,5
index.html,18,html,2b822ab5,julia-haynes,2025-10-02,17:26:06,-07:00,2025-10-02T17:26:06-07:00,0,4
index.html,19,html,b6396cfb,julia-haynes,2025-10-18,13:15:49,-07:00,2025-10-18T13:15:49-07:00,0,0
index.html,20,html,931b89e0,julia-haynes,2025-10-08,21:58:42,-07:00,2025-10-08T21:58:42-07:00,2,20
index.html,21,html,931b89e0,julia-haynes,2025-10-08,21:58:42,-07:00,2025-10-08T21:58:42-07:00,2,59
index.html,22,html,3a919b79,julia-haynes,2025-10-22,16:41:40,-07:00,2025-10-22T16:41:40-07:00,2,22
index.html,23,html,3a919b79,julia-haynes,2025-10-22,16:41:40,-07:00,2025-10-22T16:41:40-07:00,2,20
index.html,24,html,3a919b79,julia-haynes,2025-10-22,16:41:40,-07:00,2025-10-22T16:41:40-07:00,4,49
index.html,25,html,3a919b79,julia-haynes,2025-10-22,16:41:40,-07:00,2025-10-22T16:41:40-07:00,2,4
index.html,26,html,931b89e0,julia-haynes,2025-10-08,21:58:42,-07:00,2025-10-08T21:58:42-07:00,2,159
index.html,27,html,931b89e0,julia-haynes,2025-10-08,21:58:42,-07:00,2025-10-08T21:58:42-07:00,2,0
index.html,28,html,166676a9,julia-haynes,2025-10-24,14:58:50,-07:00,2025-10-24T14:58:50-07:00,2,19
index.html,29,html,166676a9,julia-haynes,2025-10-24,14:58:50,-07:00,2025-10-24T14:58:50-07:00,4,22
index.html,30,html,166676a9,julia-haynes,2025-10-24,14:58:50,-07:00,2025-10-24T14:58:50-07:00,4,29
index.html,31,html,166676a9,julia-haynes,2025-10-24,14:58:50,-07:00,2025-10-24T14:58:50-07:00,2,8
index.html,32,html,166676a9,julia-haynes,2025-10-24,14:58:50,-07:00,2025-10-24T14:58:50-07:00,0,0
index.html,33,html,3a919b79,julia-haynes,2025-10-22,16:41:40,-07:00,2025-10-22T16:41:40-07:00,2,45
index.html,34,html,3a919b79,julia-haynes,2025-10-22,16:41:40,-07:00,2025-10-22T16:41:40-07:00,2,50
index.html,35,html,2b822ab5,julia-haynes,2025-10-02,17:26:06,-07:00,2025-10-02T17:26:06-07:00,0,5
index.html,36,html,01a4725c,julia-haynes,2025-10-03,15:37:21,-07:00,2025-10-03T15:37:21-07:00,0,5
index.html,37,html,01a4725c,julia-haynes,2025-10-03,15:37:21,-07:00,2025-10-03T15:37:21-07:00,0,0
global.js,1,js,b6396cfb,julia-haynes,2025-10-18,13:15:49,-07:00,2025-10-18T13:15:49-07:00,0,24
global.js,2,js,b6396cfb,julia-haynes,2025-10-18,13:15:49,-07:00,2025-10-18T13:15:49-07:00,0,0
global.js,3,js,b6396cfb,julia-haynes,2025-10-18,13:15:49,-07:00,2025-10-18T13:15:49-07:00,0,44
global.js,4,js,b6396cfb,julia-haynes,2025-10-18,13:15:49,-07:00,2025-10-18T13:15:49-07:00,0,59
global.js,5,js,b6396cfb,julia-haynes,2025-10-18,13:15:49,-07:00,2025-10-18T13:15:49-07:00,0,2
global.js,6,js,b6396cfb,julia-haynes,2025-10-18,13:15:49,-07:00,2025-10-18T13:15:49-07:00,0,0
global.js,7,js,b6396cfb,julia-haynes,2025-10-18,13:15:49,-07:00,2025-10-18T13:15:49-07:00,0,30
global.js,8,js,b6396cfb,julia-haynes,2025-10-18,13:15:49,-07:00,2025-10-18T13:15:49-07:00,0,0
global.js,9,js,b6396cfb,julia-haynes,2025-10-18,13:15:49,-07:00,2025-10-18T13:15:49-07:00,0,33
global.js,10,js,b6396cfb,julia-haynes,2025-10-18,13:15:49,-07:00,2025-10-18T13:15:49-07:00,0,71
global.js,11,js,b6396cfb,julia-haynes,2025-10-18,13:15:49,-07:00,2025-10-18T13:15:49-07:00,0,3
global.js,12,js,b6396cfb,julia-haynes,2025-10-18,13:15:49,-07:00,2025-10-18T13:15:49-07:00,0,0
global.js,13,js,b6396cfb,julia-haynes,2025-10-18,13:15:49,-07:00,2025-10-18T13:15:49-07:00,0,19
global.js,14,js,b6396cfb,julia-haynes,2025-10-18,13:15:49,-07:00,2025-10-18T13:15:49-07:00,0,41
global.js,15,js,b6396cfb,julia-haynes,2025-10-18,13:15:49,-07:00,2025-10-18T13:15:49-07:00,0,42
global.js,16,js,b6396cfb,julia-haynes,2025-10-18,13:15:49,-07:00,2025-10-18T13:15:49-07:00,0,2
global.js,17,js,b6396cfb,julia-haynes,2025-10-18,13:15:49,-07:00,2025-10-18T13:15:49-07:00,0,0
global.js,18,js,891d4c39,julia-haynes,2025-10-24,18:57:46,-07:00,2025-10-24T18:57:46-07:00,0,17
global.js,19,js,891d4c39,julia-haynes,2025-10-24,18:57:46,-07:00,2025-10-24T18:57:46-07:00,1,70
global.js,20,js,891d4c39,julia-haynes,2025-10-24,18:57:46,-07:00,2025-10-24T18:57:46-07:00,2,26
global.js,21,js,891d4c39,julia-haynes,2025-10-24,18:57:46,-07:00,2025-10-24T18:57:46-07:00,2,42
global.js,22,js,b6396cfb,julia-haynes,2025-10-18,13:15:49,-07:00,2025-10-18T13:15:49-07:00,0,0
global.js,23,js,cc058c22,julia-haynes,2025-10-25,12:04:12,-07:00,2025-10-25T12:04:12-07:00,0,14
global.js,24,js,cc058c22,julia-haynes,2025-10-25,12:04:12,-07:00,2025-10-25T12:04:12-07:00,0,30
global.js,25,js,cc058c22,julia-haynes,2025-10-25,12:04:12,-07:00,2025-10-25T12:04:12-07:00,0,4
global.js,26,js,cc058c22,julia-haynes,2025-10-25,12:04:12,-07:00,2025-10-25T12:04:12-07:00,0,9
global.js,27,js,cc058c22,julia-haynes,2025-10-25,12:04:12,-07:00,2025-10-25T12:04:12-07:00,0,77
global.js,28,js,cc058c22,julia-haynes,2025-10-25,12:04:12,-07:00,2025-10-25T12:04:12-07:00,0,32
global.js,29,js,cc058c22,julia-haynes,2025-10-25,12:04:12,-07:00,2025-10-25T12:04:12-07:00,0,23
global.js,30,js,cc058c22,julia-haynes,2025-10-25,12:04:12,-07:00,2025-10-25T12:04:12-07:00,0,23
global.js,31,js,cc058c22,julia-haynes,2025-10-25,12:04:12,-07:00,2025-10-25T12:04:12-07:00,0,5
global.js,32,js,cc058c22,julia-haynes,2025-10-25,12:04:12,-07:00,2025-10-25T12:04:12-07:00,0,4
global.js,33,js,cc058c22,julia-haynes,2025-10-25,12:04:12,-07:00,2025-10-25T12:04:12-07:00,0,9
global.js,34,js,cc058c22,julia-haynes,2025-10-25,12:04:12,-07:00,2025-10-25T12:04:12-07:00,0,77
global.js,35,js,cc058c22,julia-haynes,2025-10-25,12:04:12,-07:00,2025-10-25T12:04:12-07:00,0,31
global.js,36,js,cc058c22,julia-haynes,2025-10-25,12:04:12,-07:00,2025-10-25T12:04:12-07:00,0,22
global.js,37,js,cc058c22,julia-haynes,2025-10-25,12:04:12,-07:00,2025-10-25T12:04:12-07:00,0,22
global.js,38,js,cc058c22,julia-haynes,2025-10-25,12:04:12,-07:00,2025-10-25T12:04:12-07:00,0,5
global.js,39,js,cc058c22,julia-haynes,2025-10-25,12:04:12,-07:00,2025-10-25T12:04:12-07:00,0,4
global.js,40,js,cc058c22,julia-haynes,2025-10-25,12:04:12,-07:00,2025-10-25T12:04:12-07:00,0,9
global.js,41,js,cc058c22,julia-haynes,2025-10-25,12:04:12,-07:00,2025-10-25T12:04:12-07:00,0,77
global.js,42,js,cc058c22,julia-haynes,2025-10-25,12:04:12,-07:00,2025-10-25T12:04:12-07:00,0,26
global.js,43,js,cc058c22,julia-haynes,2025-10-25,12:04:12,-07:00,2025-10-25T12:04:12-07:00,0,17
global.js,44,js,cc058c22,julia-haynes,2025-10-25,12:04:12,-07:00,2025-10-25T12:04:12-07:00,0,17
global.js,45,js,cc058c22,julia-haynes,2025-10-25,12:04:12,-07:00,2025-10-25T12:04:12-07:00,0,5
global.js,46,js,cc058c22,julia-haynes,2025-10-25,12:04:12,-07:00,2025-10-25T12:04:12-07:00,0,63
global.js,47,js,cc058c22,julia-haynes,2025-10-25,12:04:12,-07:00,2025-10-25T12:04:12-07:00,0,3
global.js,48,js,cc058c22,julia-haynes,2025-10-25,12:04:12,-07:00,2025-10-25T12:04:12-07:00,0,0
global.js,49,js,e5d5bb18,julia-haynes,2025-10-25,13:39:31,-07:00,2025-10-25T13:39:31-07:00,0,15
global.js,50,js,e5d5bb18,julia-haynes,2025-10-25,13:39:31,-07:00,2025-10-25T13:39:31-07:00,1,68
global.js,51,js,e5d5bb18,julia-haynes,2025-10-25,13:39:31,-07:00,2025-10-25T13:39:31-07:00,2,19
global.js,52,js,e5d5bb18,julia-haynes,2025-10-25,13:39:31,-07:00,2025-10-25T13:39:31-07:00,2,54
global.js,53,js,eb20e4d7,julia-haynes,2025-10-25,12:08:57,-07:00,2025-10-25T12:08:57-07:00,0,0
global.js,54,js,eb20e4d7,julia-haynes,2025-10-25,12:08:57,-07:00,2025-10-25T12:08:57-07:00,0,0
global.js,55,js,e5d5bb18,julia-haynes,2025-10-25,13:39:31,-07:00,2025-10-25T13:39:31-07:00,0,32
global.js,56,js,cc058c22,julia-haynes,2025-10-25,12:04:12,-07:00,2025-10-25T12:04:12-07:00,0,0
global.js,57,js,b6396cfb,julia-haynes,2025-10-18,13:15:49,-07:00,2025-10-18T13:15:49-07:00,0,11
global.js,58,js,b6396cfb,julia-haynes,2025-10-18,13:15:49,-07:00,2025-10-18T13:15:49-07:00,2,24
global.js,59,js,b6396cfb,julia-haynes,2025-10-18,13:15:49,-07:00,2025-10-18T13:15:49-07:00,2,37
global.js,60,js,b6396cfb,julia-haynes,2025-10-18,13:15:49,-07:00,2025-10-18T13:15:49-07:00,2,36
global.js,61,js,23f1306d,julia-haynes,2025-10-18,13:43:01,-07:00,2025-10-18T13:43:01-07:00,2,25
global.js,62,js,738e0a13,julia-haynes,2025-10-27,23:21:51,-07:00,2025-10-27T23:21:51-07:00,2,49
global.js,63,js,b6396cfb,julia-haynes,2025-10-18,13:15:49,-07:00,2025-10-18T13:15:49-07:00,2,56
global.js,64,js,23f1306d,julia-haynes,2025-10-18,13:43:01,-07:00,2025-10-18T13:43:01-07:00,2,0
global.js,65,js,b6396cfb,julia-haynes,2025-10-18,13:15:49,-07:00,2025-10-18T13:15:49-07:00,0,0
global.js,66,js,b6396cfb,julia-haynes,2025-10-18,13:15:49,-07:00,2025-10-18T13:15:49-07:00,0,0
global.js,67,js,b6396cfb,julia-haynes,2025-10-18,13:15:49,-07:00,2025-10-18T13:15:49-07:00,0,38
global.js,68,js,b6396cfb,julia-haynes,2025-10-18,13:15:49,-07:00,2025-10-18T13:15:49-07:00,0,25
global.js,69,js,b6396cfb,julia-haynes,2025-10-18,13:15:49,-07:00,2025-10-18T13:15:49-07:00,0,0
global.js,70,js,b6396cfb,julia-haynes,2025-10-18,13:15:49,-07:00,2025-10-18T13:15:49-07:00,0,20
global.js,71,js,b6396cfb,julia-haynes,2025-10-18,13:15:49,-07:00,2025-10-18T13:15:49-07:00,2,14
global.js,72,js,b6396cfb,julia-haynes,2025-10-18,13:15:49,-07:00,2025-10-18T13:15:49-07:00,2,28
global.js,73,js,e5d5bb18,julia-haynes,2025-10-25,13:39:31,-07:00,2025-10-25T13:39:31-07:00,3,21
global.js,74,js,e5d5bb18,julia-haynes,2025-10-25,13:39:31,-07:00,2025-10-25T13:39:31-07:00,2,0
global.js,75,js,b6396cfb,julia-haynes,2025-10-18,13:15:49,-07:00,2025-10-18T13:15:49-07:00,0,0
global.js,76,js,b6396cfb,julia-haynes,2025-10-18,13:15:49,-07:00,2025-10-18T13:15:49-07:00,2,18
global.js,77,js,b6396cfb,julia-haynes,2025-10-18,13:15:49,-07:00,2025-10-18T13:15:49-07:00,2,34
global.js,78,js,b6396cfb,julia-haynes,2025-10-18,13:15:49,-07:00,2025-10-18T13:15:49-07:00,0,11
global.js,79,js,b6396cfb,julia-haynes,2025-10-18,13:15:49,-07:00,2025-10-18T13:15:49-07:00,0,20
global.js,80,js,b6396cfb,julia-haynes,2025-10-18,13:15:49,-07:00,2025-10-18T13:15:49-07:00,0,0
global.js,81,js,b6396cfb,julia-haynes,2025-10-18,13:15:49,-07:00,2025-10-18T13:15:49-07:00,0,17
global.js,82,js,b6396cfb,julia-haynes,2025-10-18,13:15:49,-07:00,2025-10-18T13:15:49-07:00,1,8
global.js,83,js,b6396cfb,julia-haynes,2025-10-18,13:15:49,-07:00,2025-10-18T13:15:49-07:00,1,59
global.js,84,js,b6396cfb,julia-haynes,2025-10-18,13:15:49,-07:00,2025-10-18T13:15:49-07:00,0,0
global.js,85,js,b6396cfb,julia-haynes,2025-10-18,13:15:49,-07:00,2025-10-18T13:15:49-07:00,0,0
global.js,86,js,b6396cfb,julia-haynes,2025-10-18,13:15:49,-07:00,2025-10-18T13:15:49-07:00,0,50
global.js,87,js,b6396cfb,julia-haynes,2025-10-18,13:15:49,-07:00,2025-10-18T13:15:49-07:00,0,15
global.js,88,js,b6396cfb,julia-haynes,2025-10-18,13:15:49,-07:00,2025-10-18T13:15:49-07:00,1,18
global.js,89,js,b6396cfb,julia-haynes,2025-10-18,13:15:49,-07:00,2025-10-18T13:15:49-07:00,0,0
global.js,90,js,b6396cfb,julia-haynes,2025-10-18,13:15:49,-07:00,2025-10-18T13:15:49-07:00,0,0
global.js,91,js,b6396cfb,julia-haynes,2025-10-18,13:15:49,-07:00,2025-10-18T13:15:49-07:00,0,12
global.js,92,js,b6396cfb,julia-haynes,2025-10-18,13:15:49,-07:00,2025-10-18T13:15:49-07:00,0,0
global.js,93,js,b6396cfb,julia-haynes,2025-10-18,13:15:49,-07:00,2025-10-18T13:15:49-07:00,0,0
global.js,94,js,b6396cfb,julia-haynes,2025-10-18,13:15:49,-07:00,2025-10-18T13:15:49-07:00,0,0
global.js,95,js,b6396cfb,julia-haynes,2025-10-18,13:15:49,-07:00,2025-10-18T13:15:49-07:00,0,31
global.js,96,js,b6396cfb,julia-haynes,2025-10-18,13:15:49,-07:00,2025-10-18T13:15:49-07:00,1,11
global.js,97,js,b6396cfb,julia-haynes,2025-10-18,13:15:49,-07:00,2025-10-18T13:15:49-07:00,1,0
global.js,98,js,b6396cfb,julia-haynes,2025-10-18,13:15:49,-07:00,2025-10-18T13:15:49-07:00,1,26
global.js,99,js,b6396cfb,julia-haynes,2025-10-18,13:15:49,-07:00,2025-10-18T13:15:49-07:00,2,4
global.js,100,js,b6396cfb,julia-haynes,2025-10-18,13:15:49,-07:00,2025-10-18T13:15:49-07:00,2,24
global.js,101,js,b6396cfb,julia-haynes,2025-10-18,13:15:49,-07:00,2025-10-18T13:15:49-07:00,3,43
global.js,102,js,b6396cfb,julia-haynes,2025-10-18,13:15:49,-07:00,2025-10-18T13:15:49-07:00,3,34
global.js,103,js,b6396cfb,julia-haynes,2025-10-18,13:15:49,-07:00,2025-10-18T13:15:49-07:00,3,32
global.js,104,js,b6396cfb,julia-haynes,2025-10-18,13:15:49,-07:00,2025-10-18T13:15:49-07:00,2,7
global.js,105,js,b6396cfb,julia-haynes,2025-10-18,13:15:49,-07:00,2025-10-18T13:15:49-07:00,1,6
global.js,106,js,b6396cfb,julia-haynes,2025-10-18,13:15:49,-07:00,2025-10-18T13:15:49-07:00,1,0
global.js,107,js,b6396cfb,julia-haynes,2025-10-18,13:15:49,-07:00,2025-10-18T13:15:49-07:00,0,0
global.js,108,js,b6396cfb,julia-haynes,2025-10-18,13:15:49,-07:00,2025-10-18T13:15:49-07:00,0,0
global.js,109,js,b6396cfb,julia-haynes,2025-10-18,13:15:49,-07:00,2025-10-18T13:15:49-07:00,0,51
global.js,110,js,b6396cfb,julia-haynes,2025-10-18,13:15:49,-07:00,2025-10-18T13:15:49-07:00,0,0
global.js,111,js,b6396cfb,julia-haynes,2025-10-18,13:15:49,-07:00,2025-10-18T13:15:49-07:00,0,34
global.js,112,js,b6396cfb,julia-haynes,2025-10-18,13:15:49,-07:00,2025-10-18T13:15:49-07:00,2,41
global.js,113,js,b6396cfb,julia-haynes,2025-10-18,13:15:49,-07:00,2025-10-18T13:15:49-07:00,2,70
global.js,114,js,b6396cfb,julia-haynes,2025-10-18,13:15:49,-07:00,2025-10-18T13:15:49-07:00,2,25
global.js,115,js,b6396cfb,julia-haynes,2025-10-18,13:15:49,-07:00,2025-10-18T13:15:49-07:00,0,0
global.js,116,js,b6396cfb,julia-haynes,2025-10-18,13:15:49,-07:00,2025-10-18T13:15:49-07:00,0,0
global.js,117,js,b6396cfb,julia-haynes,2025-10-18,13:15:49,-07:00,2025-10-18T13:15:49-07:00,0,49
global.js,118,js,b6396cfb,julia-haynes,2025-10-18,13:15:49,-07:00,2025-10-18T13:15:49-07:00,2,58
global.js,119,js,b6396cfb,julia-haynes,2025-10-18,13:15:49,-07:00,2025-10-18T13:15:49-07:00,2,77
global.js,120,js,b6396cfb,julia-haynes,2025-10-18,13:15:49,-07:00,2025-10-18T13:15:49-07:00,2,43
global.js,121,js,b6396cfb,julia-haynes,2025-10-18,13:15:49,-07:00,2025-10-18T13:15:49-07:00,2,10
global.js,122,js,b6396cfb,julia-haynes,2025-10-18,13:15:49,-07:00,2025-10-18T13:15:49-07:00,0,1
global.js,123,js,b6396cfb,julia-haynes,2025-10-18,13:15:49,-07:00,2025-10-18T13:15:49-07:00,0,0
global.js,124,js,3a919b79,julia-haynes,2025-10-22,16:41:40,-07:00,2025-10-22T16:41:40-07:00,0,36
global.js,125,js,3a919b79,julia-haynes,2025-10-22,16:41:40,-07:00,2025-10-22T16:41:40-07:00,2,2
global.js,126,js,3a919b79,julia-haynes,2025-10-22,16:41:40,-07:00,2025-10-22T16:41:40-07:00,4,39
global.js,127,js,3a919b79,julia-haynes,2025-10-22,16:41:40,-07:00,2025-10-22T16:41:40-07:00,4,32
global.js,128,js,3a919b79,julia-haynes,2025-10-22,16:41:40,-07:00,2025-10-22T16:41:40-07:00,4,86
global.js,129,js,3a919b79,julia-haynes,2025-10-22,16:41:40,-07:00,2025-10-22T16:41:40-07:00,4,33
global.js,130,js,3a919b79,julia-haynes,2025-10-22,16:41:40,-07:00,2025-10-22T16:41:40-07:00,4,32
global.js,131,js,3a919b79,julia-haynes,2025-10-22,16:41:40,-07:00,2025-10-22T16:41:40-07:00,4,10
global.js,132,js,3a919b79,julia-haynes,2025-10-22,16:41:40,-07:00,2025-10-22T16:41:40-07:00,4,21
global.js,133,js,3a919b79,julia-haynes,2025-10-22,16:41:40,-07:00,2025-10-22T16:41:40-07:00,2,15
global.js,134,js,3a919b79,julia-haynes,2025-10-22,16:41:40,-07:00,2025-10-22T16:41:40-07:00,4,59
global.js,135,js,3a919b79,julia-haynes,2025-10-22,16:41:40,-07:00,2025-10-22T16:41:40-07:00,2,0
global.js,136,js,3a919b79,julia-haynes,2025-10-22,16:41:40,-07:00,2025-10-22T16:41:40-07:00,0,0
global.js,137,js,b6396cfb,julia-haynes,2025-10-18,13:15:49,-07:00,2025-10-18T13:15:49-07:00,0,0
global.js,138,js,caa954d2,julia-haynes,2025-10-24,18:53:40,-07:00,2025-10-24T18:53:40-07:00,0,34
global.js,139,js,cc058c22,julia-haynes,2025-10-25,12:04:12,-07:00,2025-10-25T12:04:12-07:00,0,32
global.js,140,js,3a919b79,julia-haynes,2025-10-22,16:41:40,-07:00,2025-10-22T16:41:40-07:00,0,0
global.js,141,js,891d4c39,julia-haynes,2025-10-24,18:57:46,-07:00,2025-10-24T18:57:46-07:00,0,79
global.js,142,js,3a919b79,julia-haynes,2025-10-22,16:41:40,-07:00,2025-10-22T16:41:40-07:00,2,30
global.js,143,js,3a919b79,julia-haynes,2025-10-22,16:41:40,-07:00,2025-10-22T16:41:40-07:00,2,27
global.js,144,js,3a919b79,julia-haynes,2025-10-22,16:41:40,-07:00,2025-10-22T16:41:40-07:00,4,48
global.js,145,js,e5d5bb18,julia-haynes,2025-10-25,13:39:31,-07:00,2025-10-25T13:39:31-07:00,4,28
global.js,146,js,e5d5bb18,julia-haynes,2025-10-25,13:39:31,-07:00,2025-10-25T13:39:31-07:00,5,25
global.js,147,js,cc058c22,julia-haynes,2025-10-25,12:04:12,-07:00,2025-10-25T12:04:12-07:00,5,56
global.js,148,js,3a919b79,julia-haynes,2025-10-22,16:41:40,-07:00,2025-10-22T16:41:40-07:00,4,19
global.js,149,js,3a919b79,julia-haynes,2025-10-22,16:41:40,-07:00,2025-10-22T16:41:40-07:00,6,49
global.js,150,js,06c8172a,julia-haynes,2025-10-29,23:59:28,-07:00,2025-10-29T23:59:28-07:00,6,44
global.js,151,js,06c8172a,julia-haynes,2025-10-29,23:59:28,-07:00,2025-10-29T23:59:28-07:00,6,24
global.js,152,js,06c8172a,julia-haynes,2025-10-29,23:59:28,-07:00,2025-10-29T23:59:28-07:00,7,27
global.js,153,js,06c8172a,julia-haynes,2025-10-29,23:59:28,-07:00,2025-10-29T23:59:28-07:00,7,101
global.js,154,js,06c8172a,julia-haynes,2025-10-29,23:59:28,-07:00,2025-10-29T23:59:28-07:00,6,4
global.js,155,js,3a919b79,julia-haynes,2025-10-22,16:41:40,-07:00,2025-10-22T16:41:40-07:00,4,0
global.js,156,js,3a919b79,julia-haynes,2025-10-22,16:41:40,-07:00,2025-10-22T16:41:40-07:00,2,36
global.js,157,js,3a919b79,julia-haynes,2025-10-22,16:41:40,-07:00,2025-10-22T16:41:40-07:00,0,1
global.js,158,js,3a919b79,julia-haynes,2025-10-22,16:41:40,-07:00,2025-10-22T16:41:40-07:00,0,0
global.js,159,js,b6396cfb,julia-haynes,2025-10-18,13:15:49,-07:00,2025-10-18T13:15:49-07:00,0,0
global.js,160,js,3a919b79,julia-haynes,2025-10-22,16:41:40,-07:00,2025-10-22T16:41:40-07:00,0,50
global.js,161,js,b6396cfb,julia-haynes,2025-10-18,13:15:49,-07:00,2025-10-18T13:15:49-07:00,0,0
global.js,162,js,166676a9,julia-haynes,2025-10-24,14:58:50,-07:00,2025-10-24T14:58:50-07:00,0,47
global.js,163,js,166676a9,julia-haynes,2025-10-24,14:58:50,-07:00,2025-10-24T14:58:50-07:00,2,59
global.js,164,js,166676a9,julia-haynes,2025-10-24,14:58:50,-07:00,2025-10-24T14:58:50-07:00,0,0
global.js,165,js,166676a9,julia-haynes,2025-10-24,14:58:50,-07:00,2025-10-24T14:58:50-07:00,0,0
global.js,166,js,166676a9,julia-haynes,2025-10-24,14:58:50,-07:00,2025-10-24T14:58:50-07:00,0,0
projects/projects.js,1,js,f76e01e3,julia-haynes,2025-10-24,18:00:30,-07:00,2025-10-24T18:00:30-07:00,0,0
projects/projects.js,2,js,42ece820,julia-haynes,2025-10-24,16:50:13,-07:00,2025-10-24T16:50:13-07:00,0,0
projects/projects.js,3,js,e5d5bb18,julia-haynes,2025-10-25,13:39:31,-07:00,2025-10-25T13:39:31-07:00,0,15
projects/projects.js,4,js,e5d5bb18,julia-haynes,2025-10-25,13:39:31,-07:00,2025-10-25T13:39:31-07:00,1,68
projects/projects.js,5,js,e5d5bb18,julia-haynes,2025-10-25,13:39:31,-07:00,2025-10-25T13:39:31-07:00,2,19
projects/projects.js,6,js,e5d5bb18,julia-haynes,2025-10-25,13:39:31,-07:00,2025-10-25T13:39:31-07:00,2,14
projects/projects.js,7,js,d2a34c59,julia-haynes,2025-10-30,20:37:58,-07:00,2025-10-30T20:37:58-07:00,0,55
projects/projects.js,8,js,e5d5bb18,julia-haynes,2025-10-25,13:39:31,-07:00,2025-10-25T13:39:31-07:00,0,32
projects/projects.js,9,js,2fdf785c,julia-haynes,2025-10-30,18:35:55,-07:00,2025-10-30T18:35:55-07:00,0,69
projects/projects.js,10,js,20588115,julia-haynes,2025-10-30,20:48:11,-07:00,2025-10-30T20:48:11-07:00,0,55
projects/projects.js,11,js,86de228c,julia-haynes,2025-10-30,20:41:05,-07:00,2025-10-30T20:41:05-07:00,0,66
projects/projects.js,12,js,2fdf785c,julia-haynes,2025-10-30,18:35:55,-07:00,2025-10-30T18:35:55-07:00,0,54
projects/projects.js,13,js,3a919b79,julia-haynes,2025-10-22,16:41:40,-07:00,2025-10-22T16:41:40-07:00,0,60
projects/projects.js,14,js,3a919b79,julia-haynes,2025-10-22,16:41:40,-07:00,2025-10-22T16:41:40-07:00,0,0
projects/projects.js,15,js,f76e01e3,julia-haynes,2025-10-24,18:00:30,-07:00,2025-10-24T18:00:30-07:00,0,29
projects/projects.js,16,js,e5d5bb18,julia-haynes,2025-10-25,13:39:31,-07:00,2025-10-25T13:39:31-07:00,1,42
projects/projects.js,17,js,e5d5bb18,julia-haynes,2025-10-25,13:39:31,-07:00,2025-10-25T13:39:31-07:00,1,36
projects/projects.js,18,js,f76e01e3,julia-haynes,2025-10-24,18:00:30,-07:00,2025-10-24T18:00:30-07:00,1,35
projects/projects.js,19,js,f76e01e3,julia-haynes,2025-10-24,18:00:30,-07:00,2025-10-24T18:00:30-07:00,0,3
projects/projects.js,20,js,83c19fc2,julia-haynes,2025-10-24,17:23:08,-07:00,2025-10-24T17:23:08-07:00,0,0
projects/projects.js,21,js,3a919b79,julia-haynes,2025-10-22,16:41:40,-07:00,2025-10-22T16:41:40-07:00,0,39
projects/projects.js,22,js,3a919b79,julia-haynes,2025-10-22,16:41:40,-07:00,2025-10-22T16:41:40-07:00,1,42
projects/projects.js,23,js,3a919b79,julia-haynes,2025-10-22,16:41:40,-07:00,2025-10-22T16:41:40-07:00,1,41
projects/projects.js,24,js,3a919b79,julia-haynes,2025-10-22,16:41:40,-07:00,2025-10-22T16:41:40-07:00,1,37
projects/projects.js,25,js,3a919b79,julia-haynes,2025-10-22,16:41:40,-07:00,2025-10-22T16:41:40-07:00,0,6
projects/projects.js,26,js,e5d5bb18,julia-haynes,2025-10-25,13:39:31,-07:00,2025-10-25T13:39:31-07:00,1,48
projects/projects.js,27,js,3a919b79,julia-haynes,2025-10-22,16:41:40,-07:00,2025-10-22T16:41:40-07:00,0,0
projects/projects.js,28,js,3a919b79,julia-haynes,2025-10-22,16:41:40,-07:00,2025-10-22T16:41:40-07:00,0,0
projects/projects.js,29,js,e5d5bb18,julia-haynes,2025-10-25,13:39:31,-07:00,2025-10-25T13:39:31-07:00,0,48
projects/projects.js,30,js,3a919b79,julia-haynes,2025-10-22,16:41:40,-07:00,2025-10-22T16:41:40-07:00,0,0
projects/projects.js,31,js,3a919b79,julia-haynes,2025-10-22,16:41:40,-07:00,2025-10-22T16:41:40-07:00,0,61
projects/projects.js,32,js,3a919b79,julia-haynes,2025-10-22,16:41:40,-07:00,2025-10-22T16:41:40-07:00,0,17
projects/projects.js,33,js,3a919b79,julia-haynes,2025-10-22,16:41:40,-07:00,2025-10-22T16:41:40-07:00,1,57
projects/projects.js,34,js,42ece820,julia-haynes,2025-10-24,16:50:13,-07:00,2025-10-24T16:50:13-07:00,0,0
projects/projects.js,35,js,42ece820,julia-haynes,2025-10-24,16:50:13,-07:00,2025-10-24T16:50:13-07:00,0,0
projects/projects.js,36,js,06c8172a,julia-haynes,2025-10-29,23:59:28,-07:00,2025-10-29T23:59:28-07:00,0,65
projects/projects.js,37,js,06c8172a,julia-haynes,2025-10-29,23:59:28,-07:00,2025-10-29T23:59:28-07:00,0,59
projects/projects.js,38,js,06c8172a,julia-haynes,2025-10-29,23:59:28,-07:00,2025-10-29T23:59:28-07:00,0,64
projects/projects.js,39,js,06c8172a,julia-haynes,2025-10-29,23:59:28,-07:00,2025-10-29T23:59:28-07:00,0,67
projects/projects.js,40,js,06c8172a,julia-haynes,2025-10-29,23:59:28,-07:00,2025-10-29T23:59:28-07:00,0,0
projects/projects.js,41,js,06c8172a,julia-haynes,2025-10-29,23:59:28,-07:00,2025-10-29T23:59:28-07:00,0,18
projects/projects.js,42,js,06c8172a,julia-haynes,2025-10-29,23:59:28,-07:00,2025-10-29T23:59:28-07:00,0,14
projects/projects.js,43,js,06c8172a,julia-haynes,2025-10-29,23:59:28,-07:00,2025-10-29T23:59:28-07:00,0,33
projects/projects.js,44,js,06c8172a,julia-haynes,2025-10-29,23:59:28,-07:00,2025-10-29T23:59:28-07:00,0,14
projects/projects.js,45,js,06c8172a,julia-haynes,2025-10-29,23:59:28,-07:00,2025-10-29T23:59:28-07:00,0,17
projects/projects.js,46,js,06c8172a,julia-haynes,2025-10-29,23:59:28,-07:00,2025-10-29T23:59:28-07:00,0,133
projects/projects.js,47,js,06c8172a,julia-haynes,2025-10-29,23:59:28,-07:00,2025-10-29T23:59:28-07:00,0,46
projects/projects.js,48,js,06c8172a,julia-haynes,2025-10-29,23:59:28,-07:00,2025-10-29T23:59:28-07:00,0,94
projects/projects.js,49,js,06c8172a,julia-haynes,2025-10-29,23:59:28,-07:00,2025-10-29T23:59:28-07:00,0,0
projects/projects.js,50,js,06c8172a,julia-haynes,2025-10-29,23:59:28,-07:00,2025-10-29T23:59:28-07:00,0,32
projects/projects.js,51,js,06c8172a,julia-haynes,2025-10-29,23:59:28,-07:00,2025-10-29T23:59:28-07:00,0,103
projects/projects.js,52,js,06c8172a,julia-haynes,2025-10-29,23:59:28,-07:00,2025-10-29T23:59:28-07:00,0,64
projects/projects.js,53,js,06c8172a,julia-haynes,2025-10-29,23:59:28,-07:00,2025-10-29T23:59:28-07:00,0,42
projects/projects.js,54,js,2fdf785c,julia-haynes,2025-10-30,18:35:55,-07:00,2025-10-30T18:35:55-07:00,0,0
projects/projects.js,55,js,2fdf785c,julia-haynes,2025-10-30,18:35:55,-07:00,2025-10-30T18:35:55-07:00,0,0
projects/projects.js,56,js,2fdf785c,julia-haynes,2025-10-30,18:35:55,-07:00,2025-10-30T18:35:55-07:00,0,65
projects/projects.js,57,js,2fdf785c,julia-haynes,2025-10-30,18:35:55,-07:00,2025-10-30T18:35:55-07:00,0,0
projects/projects.js,58,js,2fdf785c,julia-haynes,2025-10-30,18:35:55,-07:00,2025-10-30T18:35:55-07:00,0,57
projects/projects.js,59,js,06c8172a,julia-haynes,2025-10-29,23:59:28,-07:00,2025-10-29T23:59:28-07:00,0,70
projects/projects.js,60,js,06c8172a,julia-haynes,2025-10-29,23:59:28,-07:00,2025-10-29T23:59:28-07:00,0,82
projects/projects.js,61,js,06c8172a,julia-haynes,2025-10-29,23:59:28,-07:00,2025-10-29T23:59:28-07:00,0,50
projects/projects.js,62,js,06c8172a,julia-haynes,2025-10-29,23:59:28,-07:00,2025-10-29T23:59:28-07:00,0,33
projects/projects.js,63,js,06c8172a,julia-haynes,2025-10-29,23:59:28,-07:00,2025-10-29T23:59:28-07:00,0,43
projects/projects.js,64,js,06c8172a,julia-haynes,2025-10-29,23:59:28,-07:00,2025-10-29T23:59:28-07:00,0,47
projects/projects.js,65,js,06c8172a,julia-haynes,2025-10-29,23:59:28,-07:00,2025-10-29T23:59:28-07:00,0,101
projects/projects.js,66,js,06c8172a,julia-haynes,2025-10-29,23:59:28,-07:00,2025-10-29T23:59:28-07:00,0,0
projects/projects.js,67,js,06c8172a,julia-haynes,2025-10-29,23:59:28,-07:00,2025-10-29T23:59:28-07:00,0,32
projects/projects.js,68,js,06c8172a,julia-haynes,2025-10-29,23:59:28,-07:00,2025-10-29T23:59:28-07:00,0,158
projects/projects.js,69,js,2fdf785c,julia-haynes,2025-10-30,18:35:55,-07:00,2025-10-30T18:35:55-07:00,0,0
projects/projects.js,70,js,2fdf785c,julia-haynes,2025-10-30,18:35:55,-07:00,2025-10-30T18:35:55-07:00,0,15
projects/projects.js,71,js,2fdf785c,julia-haynes,2025-10-30,18:35:55,-07:00,2025-10-30T18:35:55-07:00,0,55
projects/projects.js,72,js,2fdf785c,julia-haynes,2025-10-30,18:35:55,-07:00,2025-10-30T18:35:55-07:00,0,299
projects/projects.js,73,js,2fdf785c,julia-haynes,2025-10-30,18:35:55,-07:00,2025-10-30T18:35:55-07:00,0,0
projects/projects.js,74,js,2fdf785c,julia-haynes,2025-10-30,18:35:55,-07:00,2025-10-30T18:35:55-07:00,0,57
projects/projects.js,75,js,2fdf785c,julia-haynes,2025-10-30,18:35:55,-07:00,2025-10-30T18:35:55-07:00,0,78
projects/projects.js,76,js,2fdf785c,julia-haynes,2025-10-30,18:35:55,-07:00,2025-10-30T18:35:55-07:00,0,82
projects/projects.js,77,js,2fdf785c,julia-haynes,2025-10-30,18:35:55,-07:00,2025-10-30T18:35:55-07:00,0,50
projects/projects.js,78,js,2fdf785c,julia-haynes,2025-10-30,18:35:55,-07:00,2025-10-30T18:35:55-07:00,0,33
projects/projects.js,79,js,2fdf785c,julia-haynes,2025-10-30,18:35:55,-07:00,2025-10-30T18:35:55-07:00,0,43
projects/projects.js,80,js,2fdf785c,julia-haynes,2025-10-30,18:35:55,-07:00,2025-10-30T18:35:55-07:00,0,47
projects/projects.js,81,js,2fdf785c,julia-haynes,2025-10-30,18:35:55,-07:00,2025-10-30T18:35:55-07:00,0,42
projects/projects.js,82,js,2fdf785c,julia-haynes,2025-10-30,18:35:55,-07:00,2025-10-30T18:35:55-07:00,0,44
projects/projects.js,83,js,2fdf785c,julia-haynes,2025-10-30,18:35:55,-07:00,2025-10-30T18:35:55-07:00,0,101
projects/projects.js,84,js,2fdf785c,julia-haynes,2025-10-30,18:35:55,-07:00,2025-10-30T18:35:55-07:00,0,0
projects/projects.js,85,js,2fdf785c,julia-haynes,2025-10-30,18:35:55,-07:00,2025-10-30T18:35:55-07:00,0,32
projects/projects.js,86,js,2fdf785c,julia-haynes,2025-10-30,18:35:55,-07:00,2025-10-30T18:35:55-07:00,0,158
projects/projects.js,87,js,2fdf785c,julia-haynes,2025-10-30,18:35:55,-07:00,2025-10-30T18:35:55-07:00,0,0
projects/projects.js,88,js,2fdf785c,julia-haynes,2025-10-30,18:35:55,-07:00,2025-10-30T18:35:55-07:00,0,45
projects/projects.js,89,js,2fdf785c,julia-haynes,2025-10-30,18:35:55,-07:00,2025-10-30T18:35:55-07:00,0,0
projects/projects.js,90,js,2fdf785c,julia-haynes,2025-10-30,18:35:55,-07:00,2025-10-30T18:35:55-07:00,0,3
projects/projects.js,91,js,2fdf785c,julia-haynes,2025-10-30,18:35:55,-07:00,2025-10-30T18:35:55-07:00,0,63
projects/projects.js,92,js,06c8172a,julia-haynes,2025-10-29,23:59:28,-07:00,2025-10-29T23:59:28-07:00,0,13
projects/projects.js,93,js,06c8172a,julia-haynes,2025-10-29,23:59:28,-07:00,2025-10-29T23:59:28-07:00,0,53
projects/projects.js,94,js,2475243b,julia-haynes,2025-10-30,20:31:04,-07:00,2025-10-30T20:31:04-07:00,0,299
projects/projects.js,95,js,2fdf785c,julia-haynes,2025-10-30,18:35:55,-07:00,2025-10-30T18:35:55-07:00,0,0
projects/projects.js,96,js,00000000,Not Committed Yet,2025-11-02,16:35:54,-08:00,2025-11-02T16:35:54-08:00,0,0
projects/projects.js,97,js,2fdf785c,julia-haynes,2025-10-30,18:35:55,-07:00,2025-10-30T18:35:55-07:00,0,38
projects/projects.js,98,js,2fdf785c,julia-haynes,2025-10-30,18:35:55,-07:00,2025-10-30T18:35:55-07:00,1,42
projects/projects.js,99,js,2fdf785c,julia-haynes,2025-10-30,18:35:55,-07:00,2025-10-30T18:35:55-07:00,1,44
projects/projects.js,100,js,2fdf785c,julia-haynes,2025-10-30,18:35:55,-07:00,2025-10-30T18:35:55-07:00,1,78
projects/projects.js,101,js,2fdf785c,julia-haynes,2025-10-30,18:35:55,-07:00,2025-10-30T18:35:55-07:00,1,88
projects/projects.js,102,js,2fdf785c,julia-haynes,2025-10-30,18:35:55,-07:00,2025-10-30T18:35:55-07:00,1,53
projects/projects.js,103,js,2fdf785c,julia-haynes,2025-10-30,18:35:55,-07:00,2025-10-30T18:35:55-07:00,1,42
projects/projects.js,104,js,2fdf785c,julia-haynes,2025-10-30,18:35:55,-07:00,2025-10-30T18:35:55-07:00,1,57
projects/projects.js,105,js,2fdf785c,julia-haynes,2025-10-30,18:35:55,-07:00,2025-10-30T18:35:55-07:00,1,49
projects/projects.js,106,js,2fdf785c,julia-haynes,2025-10-30,18:35:55,-07:00,2025-10-30T18:35:55-07:00,1,47
projects/projects.js,107,js,2fdf785c,julia-haynes,2025-10-30,18:35:55,-07:00,2025-10-30T18:35:55-07:00,1,104
projects/projects.js,108,js,2fdf785c,julia-haynes,2025-10-30,18:35:55,-07:00,2025-10-30T18:35:55-07:00,1,32
projects/projects.js,109,js,64e0c193,julia-haynes,2025-10-31,18:16:13,-07:00,2025-10-31T18:16:13-07:00,1,161
projects/projects.js,110,js,64e0c193,julia-haynes,2025-10-31,18:16:13,-07:00,2025-10-31T18:16:13-07:00,1,0
projects/projects.js,111,js,64e0c193,julia-haynes,2025-10-31,18:16:13,-07:00,2025-10-31T18:16:13-07:00,1,20
projects/projects.js,112,js,64e0c193,julia-haynes,2025-10-31,18:16:13,-07:00,2025-10-31T18:16:13-07:00,1,25
projects/projects.js,113,js,64e0c193,julia-haynes,2025-10-31,18:16:13,-07:00,2025-10-31T18:16:13-07:00,1,29
projects/projects.js,114,js,4f86c386,julia-haynes,2025-10-31,18:29:49,-07:00,2025-10-31T18:29:49-07:00,1,334
projects/projects.js,115,js,4f86c386,julia-haynes,2025-10-31,18:29:49,-07:00,2025-10-31T18:29:49-07:00,2,76
projects/projects.js,116,js,4f86c386,julia-haynes,2025-10-31,18:29:49,-07:00,2025-10-31T18:29:49-07:00,2,54
projects/projects.js,117,js,4f86c386,julia-haynes,2025-10-31,18:29:49,-07:00,2025-10-31T18:29:49-07:00,3,63
projects/projects.js,118,js,4f86c386,julia-haynes,2025-10-31,18:29:49,-07:00,2025-10-31T18:29:49-07:00,3,48
projects/projects.js,119,js,4f86c386,julia-haynes,2025-10-31,18:29:49,-07:00,2025-10-31T18:29:49-07:00,2,0
projects/projects.js,120,js,4f86c386,julia-haynes,2025-10-31,18:29:49,-07:00,2025-10-31T18:29:49-07:00,1,4
projects/projects.js,121,js,64e0c193,julia-haynes,2025-10-31,18:16:13,-07:00,2025-10-31T18:16:13-07:00,1,0
projects/projects.js,122,js,64e0c193,julia-haynes,2025-10-31,18:16:13,-07:00,2025-10-31T18:16:13-07:00,0,0
projects/projects.js,123,js,2fdf785c,julia-haynes,2025-10-30,18:35:55,-07:00,2025-10-30T18:35:55-07:00,0,0
projects/projects.js,124,js,00000000,Not Committed Yet,2025-11-02,16:35:54,-08:00,2025-11-02T16:35:54-08:00,0,0
projects/projects.js,125,js,00000000,Not Committed Yet,2025-11-02,16:35:54,-08:00,2025-11-02T16:35:54-08:00,0,0
projects/projects.js,126,js,00000000,Not Committed Yet,2025-11-02,16:35:54,-08:00,2025-11-02T16:35:54-08:00,0,0
projects/projects.js,127,js,2fdf785c,julia-haynes,2025-10-30,18:35:55,-07:00,2025-10-30T18:35:55-07:00,0,23
projects/projects.js,128,js,00000000,Not Committed Yet,2025-11-02,16:35:54,-08:00,2025-11-02T16:35:54-08:00,0,110
projects/projects.js,129,js,2fdf785c,julia-haynes,2025-10-30,18:35:55,-07:00,2025-10-30T18:35:55-07:00,0,330
projects/index.html,1,html,e5d5bb18,julia-haynes,2025-10-25,13:39:31,-07:00,2025-10-25T13:39:31-07:00,0,48
projects/index.html,2,html,e5d5bb18,julia-haynes,2025-10-25,13:39:31,-07:00,2025-10-25T13:39:31-07:00,0,47
projects/index.html,3,html,e5d5bb18,julia-haynes,2025-10-25,13:39:31,-07:00,2025-10-25T13:39:31-07:00,0,0
projects/index.html,4,html,b53dff50,julia-haynes,2025-10-03,17:25:28,-07:00,2025-10-03T17:25:28-07:00,0,13
projects/index.html,5,html,b53dff50,julia-haynes,2025-10-03,17:25:28,-07:00,2025-10-03T17:25:28-07:00,0,14
projects/index.html,6,html,b53dff50,julia-haynes,2025-10-03,17:25:28,-07:00,2025-10-03T17:25:28-07:00,0,4
projects/index.html,7,html,b53dff50,julia-haynes,2025-10-03,17:25:28,-07:00,2025-10-03T17:25:28-07:00,2,20
projects/index.html,8,html,b53dff50,julia-haynes,2025-10-03,17:25:28,-07:00,2025-10-03T17:25:28-07:00,2,68
projects/index.html,9,html,b53dff50,julia-haynes,2025-10-03,17:25:28,-07:00,2025-10-03T17:25:28-07:00,2,21
projects/index.html,10,html,931b89e0,julia-haynes,2025-10-08,21:58:42,-07:00,2025-10-08T21:58:42-07:00,2,41
projects/index.html,11,html,931b89e0,julia-haynes,2025-10-08,21:58:42,-07:00,2025-10-08T21:58:42-07:00,0,0
projects/index.html,12,html,931b89e0,julia-haynes,2025-10-08,21:58:42,-07:00,2025-10-08T21:58:42-07:00,2,91
projects/index.html,13,html,931b89e0,julia-haynes,2025-10-08,21:58:42,-07:00,2025-10-08T21:58:42-07:00,3,88
projects/index.html,14,html,931b89e0,julia-haynes,2025-10-08,21:58:42,-07:00,2025-10-08T21:58:42-07:00,4,23
projects/index.html,15,html,931b89e0,julia-haynes,2025-10-08,21:58:42,-07:00,2025-10-08T21:58:42-07:00,4,162
projects/index.html,16,html,931b89e0,julia-haynes,2025-10-08,21:58:42,-07:00,2025-10-08T21:58:42-07:00,4,89
projects/index.html,17,html,931b89e0,julia-haynes,2025-10-08,21:58:42,-07:00,2025-10-08T21:58:42-07:00,4,99
projects/index.html,18,html,931b89e0,julia-haynes,2025-10-08,21:58:42,-07:00,2025-10-08T21:58:42-07:00,2,6
projects/index.html,19,html,3a919b79,julia-haynes,2025-10-22,16:41:40,-07:00,2025-10-22T16:41:40-07:00,0,0
projects/index.html,20,html,b53dff50,julia-haynes,2025-10-03,17:25:28,-07:00,2025-10-03T17:25:28-07:00,0,5
projects/index.html,21,html,b53dff50,julia-haynes,2025-10-03,17:25:28,-07:00,2025-10-03T17:25:28-07:00,0,4
projects/index.html,22,html,b6396cfb,julia-haynes,2025-10-18,13:15:49,-07:00,2025-10-18T13:15:49-07:00,0,0
projects/index.html,23,html,3a919b79,julia-haynes,2025-10-22,16:41:40,-07:00,2025-10-22T16:41:40-07:00,2,39
projects/index.html,24,html,06c8172a,julia-haynes,2025-10-29,23:59:28,-07:00,2025-10-29T23:59:28-07:00,0,0
projects/index.html,25,html,06c8172a,julia-haynes,2025-10-29,23:59:28,-07:00,2025-10-29T23:59:28-07:00,2,21
projects/index.html,26,html,06c8172a,julia-haynes,2025-10-29,23:59:28,-07:00,2025-10-29T23:59:28-07:00,4,105
projects/index.html,27,html,06c8172a,julia-haynes,2025-10-29,23:59:28,-07:00,2025-10-29T23:59:28-07:00,2,58
projects/index.html,28,html,06c8172a,julia-haynes,2025-10-29,23:59:28,-07:00,2025-10-29T23:59:28-07:00,2,17
projects/index.html,29,html,06c8172a,julia-haynes,2025-10-29,23:59:28,-07:00,2025-10-29T23:59:28-07:00,2,3
projects/index.html,30,html,06c8172a,julia-haynes,2025-10-29,23:59:28,-07:00,2025-10-29T23:59:28-07:00,2,4
projects/index.html,31,html,3a919b79,julia-haynes,2025-10-22,16:41:40,-07:00,2025-10-22T16:41:40-07:00,2,26
projects/index.html,32,html,e5d5bb18,julia-haynes,2025-10-25,13:39:31,-07:00,2025-10-25T13:39:31-07:00,0,0
projects/index.html,33,html,06c8172a,julia-haynes,2025-10-29,23:59:28,-07:00,2025-10-29T23:59:28-07:00,0,0
projects/index.html,34,html,b53dff50,julia-haynes,2025-10-03,17:25:28,-07:00,2025-10-03T17:25:28-07:00,0,5
projects/index.html,35,html,b53dff50,julia-haynes,2025-10-03,17:25:28,-07:00,2025-10-03T17:25:28-07:00,0,5
contact/index.html,1,html,68e1cd1b,julia-haynes,2025-10-03,20:42:02,-07:00,2025-10-03T20:42:02-07:00,0,13
contact/index.html,2,html,68e1cd1b,julia-haynes,2025-10-03,20:42:02,-07:00,2025-10-03T20:42:02-07:00,0,14
contact/index.html,3,html,68e1cd1b,julia-haynes,2025-10-03,20:42:02,-07:00,2025-10-03T20:42:02-07:00,0,4
contact/index.html,4,html,68e1cd1b,julia-haynes,2025-10-03,20:42:02,-07:00,2025-10-03T20:42:02-07:00,2,20
contact/index.html,5,html,68e1cd1b,julia-haynes,2025-10-03,20:42:02,-07:00,2025-10-03T20:42:02-07:00,2,68
contact/index.html,6,html,68e1cd1b,julia-haynes,2025-10-03,20:42:02,-07:00,2025-10-03T20:42:02-07:00,2,25
contact/index.html,7,html,931b89e0,julia-haynes,2025-10-08,21:58:42,-07:00,2025-10-08T21:58:42-07:00,2,41
contact/index.html,8,html,931b89e0,julia-haynes,2025-10-08,21:58:42,-07:00,2025-10-08T21:58:42-07:00,0,0
contact/index.html,9,html,931b89e0,julia-haynes,2025-10-08,21:58:42,-07:00,2025-10-08T21:58:42-07:00,2,5
contact/index.html,10,html,931b89e0,julia-haynes,2025-10-08,21:58:42,-07:00,2025-10-08T21:58:42-07:00,2,65
contact/index.html,11,html,931b89e0,julia-haynes,2025-10-08,21:58:42,-07:00,2025-10-08T21:58:42-07:00,2,162
contact/index.html,12,html,931b89e0,julia-haynes,2025-10-08,21:58:42,-07:00,2025-10-08T21:58:42-07:00,2,89
contact/index.html,13,html,931b89e0,julia-haynes,2025-10-08,21:58:42,-07:00,2025-10-08T21:58:42-07:00,2,99
contact/index.html,14,html,931b89e0,julia-haynes,2025-10-08,21:58:42,-07:00,2025-10-08T21:58:42-07:00,2,82
contact/index.html,15,html,931b89e0,julia-haynes,2025-10-08,21:58:42,-07:00,2025-10-08T21:58:42-07:00,2,77
contact/index.html,16,html,931b89e0,julia-haynes,2025-10-08,21:58:42,-07:00,2025-10-08T21:58:42-07:00,2,30
contact/index.html,17,html,931b89e0,julia-haynes,2025-10-08,21:58:42,-07:00,2025-10-08T21:58:42-07:00,2,117
contact/index.html,18,html,931b89e0,julia-haynes,2025-10-08,21:58:42,-07:00,2025-10-08T21:58:42-07:00,2,6
contact/index.html,19,html,b6396cfb,julia-haynes,2025-10-18,13:15:49,-07:00,2025-10-18T13:15:49-07:00,2,48
contact/index.html,20,html,68e1cd1b,julia-haynes,2025-10-03,20:42:02,-07:00,2025-10-03T20:42:02-07:00,0,5
contact/index.html,21,html,68e1cd1b,julia-haynes,2025-10-03,20:42:02,-07:00,2025-10-03T20:42:02-07:00,0,4
contact/index.html,22,html,68e1cd1b,julia-haynes,2025-10-03,20:42:02,-07:00,2025-10-03T20:42:02-07:00,2,3
contact/index.html,23,html,b6396cfb,julia-haynes,2025-10-18,13:15:49,-07:00,2025-10-18T13:15:49-07:00,0,0
contact/index.html,24,html,931b89e0,julia-haynes,2025-10-08,21:58:42,-07:00,2025-10-08T21:58:42-07:00,2,21
contact/index.html,25,html,68e1cd1b,julia-haynes,2025-10-03,20:42:02,-07:00,2025-10-03T20:42:02-07:00,0,0
contact/index.html,26,html,7a0b7da6,julia-haynes,2025-10-03,21:11:38,-07:00,2025-10-03T21:11:38-07:00,2,73
contact/index.html,27,html,931b89e0,julia-haynes,2025-10-08,21:58:42,-07:00,2025-10-08T21:58:42-07:00,4,12
contact/index.html,28,html,7a0b7da6,julia-haynes,2025-10-03,21:11:38,-07:00,2025-10-03T21:11:38-07:00,8,37
contact/index.html,29,html,7a0b7da6,julia-haynes,2025-10-03,21:11:38,-07:00,2025-10-03T21:11:38-07:00,4,6
contact/index.html,30,html,931b89e0,julia-haynes,2025-10-08,21:58:42,-07:00,2025-10-08T21:58:42-07:00,4,13
contact/index.html,31,html,7a0b7da6,julia-haynes,2025-10-03,21:11:38,-07:00,2025-10-03T21:11:38-07:00,6,38
contact/index.html,32,html,7a0b7da6,julia-haynes,2025-10-03,21:11:38,-07:00,2025-10-03T21:11:38-07:00,4,6
contact/index.html,33,html,931b89e0,julia-haynes,2025-10-08,21:58:42,-07:00,2025-10-08T21:58:42-07:00,4,13
contact/index.html,34,html,7a0b7da6,julia-haynes,2025-10-03,21:11:38,-07:00,2025-10-03T21:11:38-07:00,6,35
contact/index.html,35,html,7a0b7da6,julia-haynes,2025-10-03,21:11:38,-07:00,2025-10-03T21:11:38-07:00,4,6
contact/index.html,36,html,931b89e0,julia-haynes,2025-10-08,21:58:42,-07:00,2025-10-08T21:58:42-07:00,4,19
contact/index.html,37,html,7a0b7da6,julia-haynes,2025-10-03,21:11:38,-07:00,2025-10-03T21:11:38-07:00,2,5
contact/index.html,38,html,68e1cd1b,julia-haynes,2025-10-03,20:42:02,-07:00,2025-10-03T20:42:02-07:00,0,5
contact/index.html,39,html,68e1cd1b,julia-haynes,2025-10-03,20:42:02,-07:00,2025-10-03T20:42:02-07:00,0,5
CV/index.html,1,html,30caa63f,julia-haynes,2025-10-03,22:14:50,-07:00,2025-10-03T22:14:50-07:00,0,13
CV/index.html,2,html,30caa63f,julia-haynes,2025-10-03,22:14:50,-07:00,2025-10-03T22:14:50-07:00,0,14
CV/index.html,3,html,30caa63f,julia-haynes,2025-10-03,22:14:50,-07:00,2025-10-03T22:14:50-07:00,0,4
CV/index.html,4,html,30caa63f,julia-haynes,2025-10-03,22:14:50,-07:00,2025-10-03T22:14:50-07:00,2,20
CV/index.html,5,html,30caa63f,julia-haynes,2025-10-03,22:14:50,-07:00,2025-10-03T22:14:50-07:00,2,68
CV/index.html,6,html,30caa63f,julia-haynes,2025-10-03,22:14:50,-07:00,2025-10-03T22:14:50-07:00,2,21
CV/index.html,7,html,931b89e0,julia-haynes,2025-10-08,21:58:42,-07:00,2025-10-08T21:58:42-07:00,2,41
CV/index.html,8,html,931b89e0,julia-haynes,2025-10-08,21:58:42,-07:00,2025-10-08T21:58:42-07:00,2,170
CV/index.html,9,html,931b89e0,julia-haynes,2025-10-08,21:58:42,-07:00,2025-10-08T21:58:42-07:00,2,89
CV/index.html,10,html,b6396cfb,julia-haynes,2025-10-18,13:15:49,-07:00,2025-10-18T13:15:49-07:00,2,99
CV/index.html,11,html,931b89e0,julia-haynes,2025-10-08,21:58:42,-07:00,2025-10-08T21:58:42-07:00,2,6
CV/index.html,12,html,b6396cfb,julia-haynes,2025-10-18,13:15:49,-07:00,2025-10-18T13:15:49-07:00,2,48
CV/index.html,13,html,30caa63f,julia-haynes,2025-10-03,22:14:50,-07:00,2025-10-03T22:14:50-07:00,0,5
CV/index.html,14,html,eac5f150,julia-haynes,2025-10-08,23:14:19,-07:00,2025-10-08T23:14:19-07:00,0,20
CV/index.html,15,html,b6396cfb,julia-haynes,2025-10-18,13:15:49,-07:00,2025-10-18T13:15:49-07:00,0,0
CV/index.html,16,html,931b89e0,julia-haynes,2025-10-08,21:58:42,-07:00,2025-10-08T21:58:42-07:00,2,10
CV/index.html,17,html,30caa63f,julia-haynes,2025-10-03,22:14:50,-07:00,2025-10-03T22:14:50-07:00,0,0
CV/index.html,18,html,30caa63f,julia-haynes,2025-10-03,22:14:50,-07:00,2025-10-03T22:14:50-07:00,0,0
CV/index.html,19,html,30caa63f,julia-haynes,2025-10-03,22:14:50,-07:00,2025-10-03T22:14:50-07:00,2,4
CV/index.html,20,html,30caa63f,julia-haynes,2025-10-03,22:14:50,-07:00,2025-10-03T22:14:50-07:00,2,14
CV/index.html,21,html,30caa63f,julia-haynes,2025-10-03,22:14:50,-07:00,2025-10-03T22:14:50-07:00,2,41
CV/index.html,22,html,30caa63f,julia-haynes,2025-10-03,22:14:50,-07:00,2025-10-03T22:14:50-07:00,3,6
CV/index.html,23,html,30caa63f,julia-haynes,2025-10-03,22:14:50,-07:00,2025-10-03T22:14:50-07:00,4,35
CV/index.html,24,html,30caa63f,julia-haynes,2025-10-03,22:14:50,-07:00,2025-10-03T22:14:50-07:00,3,7
CV/index.html,25,html,30caa63f,julia-haynes,2025-10-03,22:14:50,-07:00,2025-10-03T22:14:50-07:00,3,1
CV/index.html,26,html,30caa63f,julia-haynes,2025-10-03,22:14:50,-07:00,2025-10-03T22:14:50-07:00,4,88
CV/index.html,27,html,30caa63f,julia-haynes,2025-10-03,22:14:50,-07:00,2025-10-03T22:14:50-07:00,4,65
CV/index.html,28,html,30caa63f,julia-haynes,2025-10-03,22:14:50,-07:00,2025-10-03T22:14:50-07:00,3,2
CV/index.html,29,html,30caa63f,julia-haynes,2025-10-03,22:14:50,-07:00,2025-10-03T22:14:50-07:00,2,8
CV/index.html,30,html,30caa63f,julia-haynes,2025-10-03,22:14:50,-07:00,2025-10-03T22:14:50-07:00,0,0
CV/index.html,31,html,30caa63f,julia-haynes,2025-10-03,22:14:50,-07:00,2025-10-03T22:14:50-07:00,2,26
CV/index.html,32,html,30caa63f,julia-haynes,2025-10-03,22:14:50,-07:00,2025-10-03T22:14:50-07:00,2,53
CV/index.html,33,html,30caa63f,julia-haynes,2025-10-03,22:14:50,-07:00,2025-10-03T22:14:50-07:00,3,6
CV/index.html,34,html,30caa63f,julia-haynes,2025-10-03,22:14:50,-07:00,2025-10-03T22:14:50-07:00,4,59
CV/index.html,35,html,30caa63f,julia-haynes,2025-10-03,22:14:50,-07:00,2025-10-03T22:14:50-07:00,3,7
CV/index.html,36,html,30caa63f,julia-haynes,2025-10-03,22:14:50,-07:00,2025-10-03T22:14:50-07:00,0,0
CV/index.html,37,html,30caa63f,julia-haynes,2025-10-03,22:14:50,-07:00,2025-10-03T22:14:50-07:00,3,7
CV/index.html,38,html,30caa63f,julia-haynes,2025-10-03,22:14:50,-07:00,2025-10-03T22:14:50-07:00,4,6
CV/index.html,39,html,30caa63f,julia-haynes,2025-10-03,22:14:50,-07:00,2025-10-03T22:14:50-07:00,5,32
CV/index.html,40,html,30caa63f,julia-haynes,2025-10-03,22:14:50,-07:00,2025-10-03T22:14:50-07:00,4,7
CV/index.html,41,html,30caa63f,julia-haynes,2025-10-03,22:14:50,-07:00,2025-10-03T22:14:50-07:00,4,6
CV/index.html,42,html,30caa63f,julia-haynes,2025-10-03,22:14:50,-07:00,2025-10-03T22:14:50-07:00,5,34
CV/index.html,43,html,30caa63f,julia-haynes,2025-10-03,22:14:50,-07:00,2025-10-03T22:14:50-07:00,4,7
CV/index.html,44,html,30caa63f,julia-haynes,2025-10-03,22:14:50,-07:00,2025-10-03T22:14:50-07:00,3,8
CV/index.html,45,html,30caa63f,julia-haynes,2025-10-03,22:14:50,-07:00,2025-10-03T22:14:50-07:00,0,0
CV/index.html,46,html,30caa63f,julia-haynes,2025-10-03,22:14:50,-07:00,2025-10-03T22:14:50-07:00,2,16
CV/index.html,47,html,30caa63f,julia-haynes,2025-10-03,22:14:50,-07:00,2025-10-03T22:14:50-07:00,2,43
CV/index.html,48,html,30caa63f,julia-haynes,2025-10-03,22:14:50,-07:00,2025-10-03T22:14:50-07:00,3,6
CV/index.html,49,html,30caa63f,julia-haynes,2025-10-03,22:14:50,-07:00,2025-10-03T22:14:50-07:00,4,39
CV/index.html,50,html,30caa63f,julia-haynes,2025-10-03,22:14:50,-07:00,2025-10-03T22:14:50-07:00,3,7
CV/index.html,51,html,30caa63f,julia-haynes,2025-10-03,22:14:50,-07:00,2025-10-03T22:14:50-07:00,0,0
CV/index.html,52,html,30caa63f,julia-haynes,2025-10-03,22:14:50,-07:00,2025-10-03T22:14:50-07:00,3,7
CV/index.html,53,html,30caa63f,julia-haynes,2025-10-03,22:14:50,-07:00,2025-10-03T22:14:50-07:00,4,6
CV/index.html,54,html,eac5f150,julia-haynes,2025-10-08,23:14:19,-07:00,2025-10-08T23:14:19-07:00,5,91
CV/index.html,55,html,30caa63f,julia-haynes,2025-10-03,22:14:50,-07:00,2025-10-03T22:14:50-07:00,4,7
CV/index.html,56,html,30caa63f,julia-haynes,2025-10-03,22:14:50,-07:00,2025-10-03T22:14:50-07:00,4,1
CV/index.html,57,html,30caa63f,julia-haynes,2025-10-03,22:14:50,-07:00,2025-10-03T22:14:50-07:00,5,92
CV/index.html,58,html,30caa63f,julia-haynes,2025-10-03,22:14:50,-07:00,2025-10-03T22:14:50-07:00,4,2
CV/index.html,59,html,30caa63f,julia-haynes,2025-10-03,22:14:50,-07:00,2025-10-03T22:14:50-07:00,4,2
CV/index.html,60,html,30caa63f,julia-haynes,2025-10-03,22:14:50,-07:00,2025-10-03T22:14:50-07:00,5,95
CV/index.html,61,html,30caa63f,julia-haynes,2025-10-03,22:14:50,-07:00,2025-10-03T22:14:50-07:00,5,73
CV/index.html,62,html,30caa63f,julia-haynes,2025-10-03,22:14:50,-07:00,2025-10-03T22:14:50-07:00,4,3
CV/index.html,63,html,30caa63f,julia-haynes,2025-10-03,22:14:50,-07:00,2025-10-03T22:14:50-07:00,3,8
CV/index.html,64,html,30caa63f,julia-haynes,2025-10-03,22:14:50,-07:00,2025-10-03T22:14:50-07:00,0,0
CV/index.html,65,html,30caa63f,julia-haynes,2025-10-03,22:14:50,-07:00,2025-10-03T22:14:50-07:00,3,7
CV/index.html,66,html,30caa63f,julia-haynes,2025-10-03,22:14:50,-07:00,2025-10-03T22:14:50-07:00,4,6
CV/index.html,67,html,eac5f150,julia-haynes,2025-10-08,23:14:19,-07:00,2025-10-08T23:14:19-07:00,5,69
CV/index.html,68,html,30caa63f,julia-haynes,2025-10-03,22:14:50,-07:00,2025-10-03T22:14:50-07:00,4,7
CV/index.html,69,html,30caa63f,julia-haynes,2025-10-03,22:14:50,-07:00,2025-10-03T22:14:50-07:00,4,1
CV/index.html,70,html,30caa63f,julia-haynes,2025-10-03,22:14:50,-07:00,2025-10-03T22:14:50-07:00,5,81
CV/index.html,71,html,30caa63f,julia-haynes,2025-10-03,22:14:50,-07:00,2025-10-03T22:14:50-07:00,4,2
CV/index.html,72,html,30caa63f,julia-haynes,2025-10-03,22:14:50,-07:00,2025-10-03T22:14:50-07:00,4,2
CV/index.html,73,html,30caa63f,julia-haynes,2025-10-03,22:14:50,-07:00,2025-10-03T22:14:50-07:00,5,64
CV/index.html,74,html,30caa63f,julia-haynes,2025-10-03,22:14:50,-07:00,2025-10-03T22:14:50-07:00,4,3
CV/index.html,75,html,30caa63f,julia-haynes,2025-10-03,22:14:50,-07:00,2025-10-03T22:14:50-07:00,3,8
CV/index.html,76,html,30caa63f,julia-haynes,2025-10-03,22:14:50,-07:00,2025-10-03T22:14:50-07:00,2,8
CV/index.html,77,html,30caa63f,julia-haynes,2025-10-03,22:14:50,-07:00,2025-10-03T22:14:50-07:00,0,0
CV/index.html,78,html,30caa63f,julia-haynes,2025-10-03,22:14:50,-07:00,2025-10-03T22:14:50-07:00,2,17
CV/index.html,79,html,30caa63f,julia-haynes,2025-10-03,22:14:50,-07:00,2025-10-03T22:14:50-07:00,2,44
CV/index.html,80,html,30caa63f,julia-haynes,2025-10-03,22:14:50,-07:00,2025-10-03T22:14:50-07:00,3,6
CV/index.html,81,html,30caa63f,julia-haynes,2025-10-03,22:14:50,-07:00,2025-10-03T22:14:50-07:00,4,41
CV/index.html,82,html,30caa63f,julia-haynes,2025-10-03,22:14:50,-07:00,2025-10-03T22:14:50-07:00,3,7
CV/index.html,83,html,30caa63f,julia-haynes,2025-10-03,22:14:50,-07:00,2025-10-03T22:14:50-07:00,0,0
CV/index.html,84,html,30caa63f,julia-haynes,2025-10-03,22:14:50,-07:00,2025-10-03T22:14:50-07:00,3,7
CV/index.html,85,html,30caa63f,julia-haynes,2025-10-03,22:14:50,-07:00,2025-10-03T22:14:50-07:00,4,6
CV/index.html,86,html,eac5f150,julia-haynes,2025-10-08,23:14:19,-07:00,2025-10-08T23:14:19-07:00,5,85
CV/index.html,87,html,30caa63f,julia-haynes,2025-10-03,22:14:50,-07:00,2025-10-03T22:14:50-07:00,4,7
CV/index.html,88,html,30caa63f,julia-haynes,2025-10-03,22:14:50,-07:00,2025-10-03T22:14:50-07:00,4,1
CV/index.html,89,html,30caa63f,julia-haynes,2025-10-03,22:14:50,-07:00,2025-10-03T22:14:50-07:00,5,81
CV/index.html,90,html,30caa63f,julia-haynes,2025-10-03,22:14:50,-07:00,2025-10-03T22:14:50-07:00,4,2
CV/index.html,91,html,30caa63f,julia-haynes,2025-10-03,22:14:50,-07:00,2025-10-03T22:14:50-07:00,4,2
CV/index.html,92,html,30caa63f,julia-haynes,2025-10-03,22:14:50,-07:00,2025-10-03T22:14:50-07:00,5,83
CV/index.html,93,html,30caa63f,julia-haynes,2025-10-03,22:14:50,-07:00,2025-10-03T22:14:50-07:00,5,59
CV/index.html,94,html,79e1aa29,julia-haynes,2025-10-03,22:20:40,-07:00,2025-10-03T22:20:40-07:00,5,40
CV/index.html,95,html,30caa63f,julia-haynes,2025-10-03,22:14:50,-07:00,2025-10-03T22:14:50-07:00,4,3
CV/index.html,96,html,30caa63f,julia-haynes,2025-10-03,22:14:50,-07:00,2025-10-03T22:14:50-07:00,3,8
CV/index.html,97,html,30caa63f,julia-haynes,2025-10-03,22:14:50,-07:00,2025-10-03T22:14:50-07:00,0,0
CV/index.html,98,html,30caa63f,julia-haynes,2025-10-03,22:14:50,-07:00,2025-10-03T22:14:50-07:00,0,0
CV/index.html,99,html,30caa63f,julia-haynes,2025-10-03,22:14:50,-07:00,2025-10-03T22:14:50-07:00,0,5
CV/index.html,100,html,30caa63f,julia-haynes,2025-10-03,22:14:50,-07:00,2025-10-03T22:14:50-07:00,0,5
